naics,awards,txns,obligations_usd,unique_award_recipients_uei,resolved_ueis,with_us_state,players_rollup,players_placeable,unresolved_recipients,player_coverage_pct,states_with_firms,states_showing_0_players,firms_hidden_in_zero_states,root_cause
423450,7540388,7559381,24945496579,2660,2660,2459,50,50,0,1.88,53,35,827,QUERY BUG (top-50 cap)
311991,3683440,3695460,7631525091,1105,1105,1080,50,49,0,4.52,53,28,356,QUERY BUG (top-50 cap)
311812,3179226,3184476,11798686702,508,508,442,50,44,0,9.84,51,26,115,QUERY BUG (top-50 cap)
424210,3050391,3053264,20096693636,361,361,334,50,45,0,13.85,47,23,47,QUERY BUG (top-50 cap)
324110,2419695,2561679,92234431957,1774,1774,1497,50,35,0,2.82,56,40,727,QUERY BUG (top-50 cap)
325411,1926484,1932493,47033395306,371,371,344,50,49,0,13.48,40,19,65,QUERY BUG (top-50 cap)
324191,1333184,1370703,1763546857,798,798,759,50,44,0,6.27,51,28,189,QUERY BUG (top-50 cap)
444110,1078116,1109252,2019658246,89,89,75,50,38,0,56.18,32,9,15,QUERY BUG (top-50 cap)
453210,1007773,1026889,894545864,875,875,779,50,48,0,5.71,52,29,185,QUERY BUG (top-50 cap)
332510,943867,1085323,5513200653,7284,7284,6848,50,50,0,0.69,55,35,1796,QUERY BUG (top-50 cap)
339940,897718,955362,1105833267,1690,1690,1482,50,50,0,2.96,54,33,360,QUERY BUG (top-50 cap)
339999,846259,877119,22714730961,5659,5659,5389,50,50,0,0.88,53,28,1286,QUERY BUG (top-50 cap)
332722,811164,902404,3520990924,5285,5285,5079,50,49,0,0.95,52,32,1269,QUERY BUG (top-50 cap)
423850,754904,760103,33043113886,685,685,590,50,44,0,7.30,48,27,189,QUERY BUG (top-50 cap)
444130,724565,769562,1389763358,840,840,778,50,47,0,5.95,52,31,241,QUERY BUG (top-50 cap)
336413,723916,1124777,165601656786,7246,7246,6948,50,48,0,0.69,52,33,2291,QUERY BUG (top-50 cap)
423710,640262,723248,434979766,785,785,682,50,46,0,6.37,50,26,203,QUERY BUG (top-50 cap)
424480,628286,628691,597704156,142,142,125,50,45,0,35.21,41,14,29,QUERY BUG (top-50 cap)
332216,616035,650798,1246267857,2304,2304,2186,50,49,0,2.17,52,30,634,QUERY BUG (top-50 cap)
322230,569895,603073,441758428,559,559,512,50,49,0,8.94,46,23,99,QUERY BUG (top-50 cap)
493190,545841,570147,6142124337,644,644,585,50,41,0,7.76,52,33,185,QUERY BUG (top-50 cap)
333618,443018,462275,4909581109,2614,2614,2509,50,49,0,1.91,52,31,466,QUERY BUG (top-50 cap)
339113,433718,527795,16553005213,8815,8815,8538,50,50,0,0.57,54,34,2128,QUERY BUG (top-50 cap)
311911,430331,431227,1855578853,141,141,138,50,50,0,35.46,43,22,44,QUERY BUG (top-50 cap)
311999,426652,455911,16333815914,1343,1343,1314,50,49,0,3.72,53,24,394,QUERY BUG (top-50 cap)
423610,415638,420133,5177453611,1779,1779,1584,50,45,0,2.81,54,34,426,QUERY BUG (top-50 cap)
332312,384290,396739,1887387587,2305,2305,2194,50,48,0,2.17,55,33,598,QUERY BUG (top-50 cap)
335912,380527,383545,566489100,745,745,722,50,46,0,6.71,48,29,192,QUERY BUG (top-50 cap)
541519,360258,825125,222768620257,12232,12232,11854,50,50,0,0.41,56,41,3796,QUERY BUG (top-50 cap)
325520,352450,373501,468070258,859,859,839,50,50,0,5.82,49,27,151,QUERY BUG (top-50 cap)
337214,332425,398031,5249067802,3123,3123,2723,50,47,0,1.60,54,34,871,QUERY BUG (top-50 cap)
332710,321578,332082,889782154,2679,2679,2606,50,50,0,1.87,52,30,684,QUERY BUG (top-50 cap)
336111,318035,361333,15277380748,451,451,278,50,34,0,11.09,46,22,66,QUERY BUG (top-50 cap)
336411,317374,419656,543844639373,2652,2652,2546,50,48,0,1.89,51,29,664,QUERY BUG (top-50 cap)
339112,286473,346481,19312479960,6296,6296,5913,50,49,0,0.79,54,30,1152,QUERY BUG (top-50 cap)
322121,260941,285897,2361664097,291,291,272,50,50,0,17.18,40,21,61,QUERY BUG (top-50 cap)
334111,241003,340045,37276615164,4544,4544,4294,50,50,0,1.10,53,34,1479,QUERY BUG (top-50 cap)
541614,223252,255313,21452758780,1482,1482,1350,50,48,0,3.37,53,31,234,QUERY BUG (top-50 cap)
333319,215612,224608,1686328454,316,316,311,50,49,0,15.82,38,19,65,QUERY BUG (top-50 cap)
339991,210815,238675,1235282436,3360,3360,3223,50,49,0,1.49,51,32,714,QUERY BUG (top-50 cap)
333999,202967,246603,5230327649,5313,5313,5097,50,49,0,0.94,55,32,1264,QUERY BUG (top-50 cap)
333316,202724,225143,1485945183,2199,2199,2107,50,49,0,2.27,53,30,458,QUERY BUG (top-50 cap)
325412,201535,279472,174534110637,1760,1760,1695,50,46,0,2.84,52,33,297,QUERY BUG (top-50 cap)
424410,199176,200478,3607502227,393,393,378,50,44,0,12.72,50,25,130,QUERY BUG (top-50 cap)
332999,191205,228483,5741426106,6239,6239,5998,50,46,0,0.80,53,31,1657,QUERY BUG (top-50 cap)
423840,190684,203998,200662695,985,985,953,50,48,0,5.08,52,29,282,QUERY BUG (top-50 cap)
541330,187315,941650,441059701787,14893,14893,14424,50,50,0,0.34,55,38,4227,QUERY BUG (top-50 cap)
311511,184975,191632,807499024,261,261,257,50,49,0,19.16,47,22,65,QUERY BUG (top-50 cap)
334419,181947,249664,13408112419,6229,6229,5979,50,49,0,0.80,53,33,1214,QUERY BUG (top-50 cap)
325510,181581,192816,725668920,871,871,830,50,50,0,5.74,49,28,205,QUERY BUG (top-50 cap)
333911,179822,186348,560872582,1801,1801,1756,50,50,0,2.78,53,29,335,QUERY BUG (top-50 cap)
236220,176154,542937,294203285207,11767,11767,10575,50,49,0,0.42,57,34,3396,QUERY BUG (top-50 cap)
336211,167779,183148,6196342916,1582,1582,1363,50,48,0,3.16,52,30,416,QUERY BUG (top-50 cap)
332991,160057,206611,2446717909,2615,2615,2523,50,47,0,1.91,52,35,758,QUERY BUG (top-50 cap)
325611,149805,169905,150629106,460,460,427,50,49,0,10.87,45,19,77,QUERY BUG (top-50 cap)
326211,135993,151592,1582721598,440,440,406,50,47,0,11.36,51,29,117,QUERY BUG (top-50 cap)
332994,134574,173154,13486709675,3302,3302,3207,50,45,0,1.51,52,28,901,QUERY BUG (top-50 cap)
115310,131957,212553,9415040968,9144,9144,9121,50,50,0,0.55,54,41,3514,QUERY BUG (top-50 cap)
561210,130521,375652,355619032586,6437,6437,5808,50,49,0,0.78,57,40,2146,QUERY BUG (top-50 cap)
335999,123141,154663,5547724032,6405,6405,6064,50,50,0,0.78,53,32,1516,QUERY BUG (top-50 cap)
332911,120926,141324,2475662243,2723,2723,2644,50,50,0,1.84,51,35,810,QUERY BUG (top-50 cap)
333318,120817,137740,7978329132,2887,2887,2697,50,49,0,1.73,53,34,856,QUERY BUG (top-50 cap)
332996,117837,140044,1042105560,2839,2839,2744,50,49,0,1.76,53,34,560,QUERY BUG (top-50 cap)
335911,117002,134976,1581868995,1276,1276,1210,50,50,0,3.92,53,31,199,QUERY BUG (top-50 cap)
334516,113835,191881,11387473562,7083,7083,6240,50,50,0,0.71,54,37,1860,QUERY BUG (top-50 cap)
334417,109394,125709,1017909175,2525,2525,2445,50,50,0,1.98,51,32,536,QUERY BUG (top-50 cap)
424130,108850,112458,95227551,110,110,108,50,50,0,45.45,37,11,16,QUERY BUG (top-50 cap)
541611,104644,507151,133609426100,10339,10339,10084,50,50,0,0.48,54,42,3313,QUERY BUG (top-50 cap)
334519,99651,135932,7738466063,5163,5163,4886,50,50,0,0.97,53,33,1627,QUERY BUG (top-50 cap)
321999,99001,104789,86734958,755,755,701,50,49,0,6.62,52,28,224,QUERY BUG (top-50 cap)
333415,97550,110377,2307089221,4245,4245,3793,50,48,0,1.18,55,31,1202,QUERY BUG (top-50 cap)
562211,96621,181770,23174329209,1088,1088,953,50,45,0,4.60,54,34,358,QUERY BUG (top-50 cap)
423310,95748,103844,587850593,216,216,186,50,34,0,23.15,47,29,63,QUERY BUG (top-50 cap)
336390,94506,116528,2328498174,2891,2891,2742,50,48,0,1.73,53,35,747,QUERY BUG (top-50 cap)
334511,91882,204461,157419646937,5449,5449,5155,50,48,0,0.92,53,35,1400,QUERY BUG (top-50 cap)
511210,88299,184338,46784984903,7482,7482,6929,50,50,0,0.67,53,38,2764,QUERY BUG (top-50 cap)
334220,81157,141328,41288808746,5835,5835,5488,50,48,0,0.86,54,37,1466,QUERY BUG (top-50 cap)
721110,80891,134616,3787852773,8082,8082,7044,50,42,0,0.62,60,41,2865,QUERY BUG (top-50 cap)
336310,77143,83577,704304915,1911,1911,1783,50,50,0,2.62,53,33,357,QUERY BUG (top-50 cap)
541512,76625,391685,292584851389,7666,7666,7546,50,50,0,0.65,55,43,2308,QUERY BUG (top-50 cap)
333613,75862,94659,2210305875,3080,3080,2977,50,50,0,1.62,52,35,813,QUERY BUG (top-50 cap)
339944,74460,86906,189900812,164,164,163,50,50,0,30.49,36,18,39,QUERY BUG (top-50 cap)
325992,74284,83481,301081763,488,488,445,50,50,0,10.25,44,21,78,QUERY BUG (top-50 cap)
335931,73885,93649,1791989514,3447,3447,3374,50,49,0,1.45,51,32,907,QUERY BUG (top-50 cap)
336412,73858,119557,96003288856,2370,2370,2258,50,48,0,2.11,50,29,397,QUERY BUG (top-50 cap)
336611,73198,255000,263459258776,5054,5054,4732,50,46,0,0.99,55,35,1321,QUERY BUG (top-50 cap)
325998,73101,91231,3488150314,2197,2197,2086,50,46,0,2.28,54,29,412,QUERY BUG (top-50 cap)
541930,72890,144896,5331330998,2772,2772,2500,50,50,0,1.80,53,37,562,QUERY BUG (top-50 cap)
541715,72580,319998,283610216473,12891,12891,12559,50,50,0,0.39,52,34,2812,QUERY BUG (top-50 cap)
424120,71430,86415,142184085,574,574,524,50,50,0,8.71,51,25,111,QUERY BUG (top-50 cap)
423420,71262,74616,118908228,1006,1006,920,50,48,0,4.97,54,31,197,QUERY BUG (top-50 cap)
541990,70348,239397,120878093545,14670,14670,13754,50,49,0,0.34,58,42,6122,QUERY BUG (top-50 cap)
322211,69901,74754,356771291,519,519,506,50,48,0,9.63,45,19,76,QUERY BUG (top-50 cap)
332919,69559,87648,1660610077,3148,3148,3057,50,49,0,1.59,52,36,772,QUERY BUG (top-50 cap)
333991,66621,70296,159727172,1097,1097,1052,50,50,0,4.56,52,32,346,QUERY BUG (top-50 cap)
326111,64903,67677,255504589,466,466,449,50,48,0,10.73,46,26,110,QUERY BUG (top-50 cap)
811219,61171,151356,17055400142,6512,6512,6110,50,50,0,0.77,54,34,1645,QUERY BUG (top-50 cap)
334416,59791,68915,706007245,2163,2163,2101,50,49,0,2.31,51,32,517,QUERY BUG (top-50 cap)
335129,59715,63403,447776384,1137,1137,1073,50,46,0,4.40,50,30,263,QUERY BUG (top-50 cap)
488190,58379,130962,72260505461,3374,3374,3233,50,47,0,1.48,53,32,1062,QUERY BUG (top-50 cap)
333120,58114,70201,7016176064,2002,2002,1811,50,47,0,2.50,54,33,636,QUERY BUG (top-50 cap)
517110,55964,308583,30931776264,1375,1375,1262,50,50,0,3.64,56,45,752,QUERY BUG (top-50 cap)
541712,53078,313243,192712605503,7082,7082,6857,50,50,0,0.71,55,40,2113,QUERY BUG (top-50 cap)
326199,53002,60452,792456681,2253,2253,2151,50,48,0,2.22,52,25,470,QUERY BUG (top-50 cap)
332618,51232,61199,583629813,2653,2653,2514,50,49,0,1.88,52,25,557,QUERY BUG (top-50 cap)
314999,50915,63220,2077341320,1883,1883,1814,50,50,0,2.66,52,26,329,QUERY BUG (top-50 cap)
325120,50669,97036,2288128071,950,950,865,50,45,0,5.26,53,29,280,QUERY BUG (top-50 cap)
314994,50362,52039,166752259,739,739,711,50,50,0,6.77,50,24,109,QUERY BUG (top-50 cap)
326220,49942,56404,429586665,1947,1947,1887,50,46,0,2.57,51,27,347,QUERY BUG (top-50 cap)
315990,49235,68020,6590427728,2175,2175,2110,50,49,0,2.30,52,33,685,QUERY BUG (top-50 cap)
811310,48977,110491,6716752659,10493,10493,9737,50,41,0,0.48,56,35,3530,QUERY BUG (top-50 cap)
541511,48101,268237,88874417240,9237,9237,8949,50,50,0,0.54,54,43,3166,QUERY BUG (top-50 cap)
238220,47532,97277,10266905219,9548,9548,9032,50,48,0,0.52,56,36,3805,QUERY BUG (top-50 cap)
561320,46862,146696,10424270508,2146,2146,2120,50,50,0,2.33,53,31,581,QUERY BUG (top-50 cap)
339115,46370,50671,748398930,521,521,505,50,49,0,9.60,45,21,89,QUERY BUG (top-50 cap)
334290,45325,94231,25181601403,4989,4989,4737,50,49,0,1.00,53,35,1590,QUERY BUG (top-50 cap)
561720,43943,155388,19089466407,5836,5836,5244,50,49,0,0.86,57,37,2248,QUERY BUG (top-50 cap)
333241,42806,48620,519861801,686,686,636,50,48,0,7.29,50,26,146,QUERY BUG (top-50 cap)
332112,42556,48397,232997995,1588,1588,1544,50,48,0,3.15,50,31,278,QUERY BUG (top-50 cap)
623110,42419,66539,7884660928,3341,3341,3339,50,50,0,1.50,52,31,1831,QUERY BUG (top-50 cap)
334510,42281,56873,7338327549,2191,2191,2051,50,50,0,2.28,51,26,292,QUERY BUG (top-50 cap)
622110,42019,155627,15259225621,1455,1455,1406,50,50,0,3.44,55,35,505,QUERY BUG (top-50 cap)
334515,41840,58590,3958882527,3718,3718,3508,50,50,0,1.34,52,28,516,QUERY BUG (top-50 cap)
333514,41827,44334,63113191,328,328,312,50,47,0,15.24,40,21,88,QUERY BUG (top-50 cap)
335313,40474,49328,993073628,2456,2456,2356,50,50,0,2.04,53,29,389,QUERY BUG (top-50 cap)
336320,40045,49978,1167702363,1786,1786,1709,50,49,0,2.80,52,32,383,QUERY BUG (top-50 cap)
611430,39737,94898,10401151539,7930,7930,7639,50,50,0,0.63,55,40,3632,QUERY BUG (top-50 cap)
481211,39404,82469,23666537539,820,820,794,50,48,0,6.10,52,26,197,QUERY BUG (top-50 cap)
334513,39361,52172,2564592208,4007,4007,3798,50,47,0,1.25,52,30,852,QUERY BUG (top-50 cap)
323116,39066,39670,9837639,3,3,3,2,2,0,66.67,3,1,1,IDENTITY RESOLUTION (rollup groups by name, keeps 1 UEI)
312111,38722,39204,102942801,100,100,82,50,40,0,50.00,36,10,16,QUERY BUG (top-50 cap)
424720,38596,42787,559075685,534,534,481,50,37,0,9.36,52,29,195,QUERY BUG (top-50 cap)
334413,37872,48609,2478366750,2449,2449,2351,50,50,0,2.04,50,30,534,QUERY BUG (top-50 cap)
561612,37735,162454,57930109357,1842,1842,1737,50,49,0,2.71,55,37,694,QUERY BUG (top-50 cap)
541620,37436,143848,12607816631,4380,4380,4244,50,50,0,1.14,56,35,1340,QUERY BUG (top-50 cap)
335312,36207,51568,3964108025,3548,3548,3269,50,48,0,1.41,56,33,773,QUERY BUG (top-50 cap)
562910,35428,119238,60029300428,3937,3937,3868,50,50,0,1.27,55,30,1086,QUERY BUG (top-50 cap)
561730,34917,90681,5590309675,5576,5576,5189,50,48,0,0.90,58,33,2185,QUERY BUG (top-50 cap)
238210,34653,72675,9357599346,9015,9015,8373,50,49,0,0.55,58,37,3478,QUERY BUG (top-50 cap)
335311,34140,46981,2428300952,3041,3041,2872,50,46,0,1.64,54,23,429,QUERY BUG (top-50 cap)
339920,33505,47653,919957828,1930,1930,1802,50,50,0,2.59,53,30,479,QUERY BUG (top-50 cap)
332912,33362,39697,593594238,1694,1694,1647,50,49,0,2.95,52,34,509,QUERY BUG (top-50 cap)
541690,32267,100040,22424674328,6811,6811,6514,50,50,0,0.73,56,39,2164,QUERY BUG (top-50 cap)
337211,31994,43910,981547083,1271,1271,1050,50,46,0,3.93,53,32,358,QUERY BUG (top-50 cap)
335932,31958,35698,205108396,1438,1438,1394,50,48,0,3.48,52,32,309,QUERY BUG (top-50 cap)
339994,31681,33885,60293010,307,307,303,50,49,0,16.29,41,20,58,QUERY BUG (top-50 cap)
326122,31367,37885,326301138,1482,1482,1439,50,50,0,3.37,51,27,286,QUERY BUG (top-50 cap)
335314,31312,38321,717422685,1772,1772,1714,50,48,0,2.82,53,31,310,QUERY BUG (top-50 cap)
621111,31079,65366,62041184243,2823,2823,2761,50,50,0,1.77,55,32,823,QUERY BUG (top-50 cap)
561621,31007,79788,7594771811,4248,4248,3904,50,50,0,1.18,54,37,1356,QUERY BUG (top-50 cap)
541380,30966,73529,5485753374,4918,4918,4534,50,49,0,1.02,55,35,1712,QUERY BUG (top-50 cap)
325612,30334,34180,120339514,616,616,586,50,50,0,8.12,50,24,156,QUERY BUG (top-50 cap)
336992,30103,53132,64475085988,1489,1489,1434,50,45,0,3.36,49,32,377,QUERY BUG (top-50 cap)
423830,30071,33963,192862355,1867,1867,1735,50,48,0,2.68,54,33,525,QUERY BUG (top-50 cap)
332439,29047,37693,2282871287,2367,2367,2201,50,49,0,2.11,56,33,463,QUERY BUG (top-50 cap)
332613,28800,32555,127859613,1453,1453,1401,50,49,0,3.44,49,32,316,QUERY BUG (top-50 cap)
531320,28760,36125,201635376,2316,2316,2312,50,50,0,2.16,55,31,1051,QUERY BUG (top-50 cap)
541310,28539,88566,10695632723,2149,2149,1895,50,50,0,2.33,54,32,480,QUERY BUG (top-50 cap)
237310,28232,68813,31750724598,4250,4250,4034,50,50,0,1.18,55,24,1045,QUERY BUG (top-50 cap)
334412,28077,52507,4257744951,2280,2280,2222,50,48,0,2.19,50,29,613,QUERY BUG (top-50 cap)
336112,27707,39870,4042282632,968,968,829,50,47,0,5.17,51,27,231,QUERY BUG (top-50 cap)
443120,27371,59050,5829727564,503,503,497,50,50,0,9.94,45,29,119,QUERY BUG (top-50 cap)
334210,27367,39962,8781061335,1726,1726,1583,50,49,0,2.90,53,39,472,QUERY BUG (top-50 cap)
333996,25960,31053,1008625455,1814,1814,1746,50,48,0,2.76,53,33,561,QUERY BUG (top-50 cap)
332215,25718,27064,101188383,380,380,333,50,45,0,13.16,47,24,79,QUERY BUG (top-50 cap)
333998,25713,29060,802344120,1832,1832,1778,50,50,0,2.73,52,31,382,QUERY BUG (top-50 cap)
313230,25616,27150,274188465,152,152,149,50,49,0,32.89,39,14,32,QUERY BUG (top-50 cap)
326299,25575,29079,506574255,1333,1333,1289,50,47,0,3.75,50,31,329,QUERY BUG (top-50 cap)
323117,25521,28543,166533047,809,809,758,50,46,0,6.18,46,26,181,QUERY BUG (top-50 cap)
238990,25414,51502,9184678540,6917,6917,6449,50,30,0,0.72,58,44,3078,QUERY BUG (top-50 cap)
336350,25015,32793,2267488352,1162,1162,1130,50,49,0,4.30,51,32,264,QUERY BUG (top-50 cap)
811121,24966,27996,375687781,3986,3986,3920,50,38,0,1.25,55,37,1748,QUERY BUG (top-50 cap)
517410,24430,72541,11518599845,939,939,822,50,49,0,5.32,53,39,257,QUERY BUG (top-50 cap)
333612,24380,29773,1404723342,1685,1685,1637,50,49,0,2.97,50,27,397,QUERY BUG (top-50 cap)
339950,24198,31874,265977560,1552,1552,1505,50,49,0,3.22,53,29,446,QUERY BUG (top-50 cap)
532111,24030,32722,1083192066,717,717,254,50,15,0,6.97,48,37,145,QUERY BUG (top-50 cap)
325413,23962,49035,11438636550,966,966,858,50,50,0,5.18,50,30,144,QUERY BUG (top-50 cap)
331315,23813,24779,209646018,448,448,438,50,49,0,11.16,43,21,107,QUERY BUG (top-50 cap)
331491,23627,27289,12576042631,759,759,745,50,50,0,6.59,48,25,171,QUERY BUG (top-50 cap)
611310,23587,53690,8139205009,1806,1806,1689,50,50,0,2.77,54,27,452,QUERY BUG (top-50 cap)
611710,23408,46155,5176812421,4937,4937,4719,50,50,0,1.01,55,34,1212,QUERY BUG (top-50 cap)
561492,23301,45767,428112418,2190,2190,2188,50,50,0,2.28,54,32,821,QUERY BUG (top-50 cap)
312112,22880,25897,431649724,422,422,341,50,35,0,11.85,50,29,123,QUERY BUG (top-50 cap)
562991,22673,40722,795350678,2018,2018,1812,50,37,0,2.48,56,35,820,QUERY BUG (top-50 cap)
334118,22618,31445,2257017364,3463,3463,3196,50,49,0,1.44,54,31,816,QUERY BUG (top-50 cap)
334310,22307,32176,1733255610,3391,3391,3159,50,50,0,1.47,53,32,1005,QUERY BUG (top-50 cap)
314910,21699,27648,2542330498,1332,1332,1254,50,48,0,3.75,56,32,309,QUERY BUG (top-50 cap)
337215,21667,32461,2065515300,1573,1573,1458,50,50,0,3.18,54,31,509,QUERY BUG (top-50 cap)
517311,21486,69574,2512042306,987,987,837,50,42,0,5.07,56,36,323,QUERY BUG (top-50 cap)
561990,21392,75128,20628225098,4352,4352,3888,50,46,0,1.15,59,40,1526,QUERY BUG (top-50 cap)
621511,21386,53288,8190203101,1744,1744,1516,50,46,0,2.87,54,34,542,QUERY BUG (top-50 cap)
332721,21071,26125,257900354,1225,1225,1198,50,49,0,4.08,48,34,432,QUERY BUG (top-50 cap)
334418,20983,27285,990321548,1867,1867,1826,50,48,0,2.68,52,32,396,QUERY BUG (top-50 cap)
541110,20749,37459,2486821080,1435,1435,1325,50,47,0,3.48,50,33,430,QUERY BUG (top-50 cap)
331222,20441,21127,103982569,362,362,342,50,47,0,13.81,49,28,118,QUERY BUG (top-50 cap)
423430,20122,28255,2288502122,3053,3053,2808,50,50,0,1.64,54,36,872,QUERY BUG (top-50 cap)
517312,20069,69416,2227188232,533,533,357,50,32,0,9.38,53,37,138,QUERY BUG (top-50 cap)
322220,20044,21513,268853955,489,489,470,50,48,0,10.22,44,26,135,QUERY BUG (top-50 cap)
492110,19973,56280,6519208576,551,551,471,50,49,0,9.07,48,28,114,QUERY BUG (top-50 cap)
333515,19969,22636,324711800,1614,1614,1543,50,49,0,3.10,52,30,318,QUERY BUG (top-50 cap)
518210,19891,72629,30388851038,4200,4200,3969,50,50,0,1.19,56,39,1225,QUERY BUG (top-50 cap)
541199,19454,56876,5793764214,3754,3754,3614,50,50,0,1.33,53,37,1256,QUERY BUG (top-50 cap)
332111,19004,21750,319105776,891,891,858,50,46,0,5.61,49,30,174,QUERY BUG (top-50 cap)
488310,18828,45444,2361806519,409,409,317,50,33,0,12.22,48,35,108,QUERY BUG (top-50 cap)
337122,18817,28255,1955525092,497,497,411,50,45,0,10.06,51,27,80,QUERY BUG (top-50 cap)
315280,18791,21275,1050269674,337,337,330,50,49,0,14.84,45,23,83,QUERY BUG (top-50 cap)
334512,18541,27809,725926791,1530,1530,1476,50,49,0,3.27,52,27,271,QUERY BUG (top-50 cap)
562111,18441,56875,2751828426,2397,2397,2171,50,41,0,2.09,56,37,1017,QUERY BUG (top-50 cap)
333314,18310,30853,7255198954,2103,2103,1949,50,49,0,2.38,52,35,581,QUERY BUG (top-50 cap)
811210,18260,37533,5006061209,3331,3331,3146,50,50,0,1.50,54,33,745,QUERY BUG (top-50 cap)
333912,17984,22577,722474220,2005,2005,1923,50,49,0,2.49,54,38,600,QUERY BUG (top-50 cap)
333413,17644,22027,960384622,2070,2070,1986,50,50,0,2.42,54,30,306,QUERY BUG (top-50 cap)
333924,17295,24777,2401042012,2275,2275,2020,50,48,0,2.20,54,33,684,QUERY BUG (top-50 cap)
327910,17292,19225,114778282,363,363,354,50,50,0,13.77,43,16,59,QUERY BUG (top-50 cap)
326140,17283,18303,50550848,324,324,315,50,48,0,15.43,42,14,54,QUERY BUG (top-50 cap)
237990,17231,71256,77412215682,3899,3899,3697,50,50,0,1.28,56,30,1354,QUERY BUG (top-50 cap)
811212,16893,45733,1607257890,2127,2127,2003,50,49,0,2.35,55,37,690,QUERY BUG (top-50 cap)
624310,16531,22012,1581632578,1556,1556,1555,50,50,0,3.21,51,25,360,QUERY BUG (top-50 cap)
333993,16528,17571,165473991,317,317,295,50,48,0,15.77,42,20,73,QUERY BUG (top-50 cap)
532490,16330,34409,1419933371,2938,2938,2639,50,47,0,1.70,57,32,764,QUERY BUG (top-50 cap)
333310,16302,20181,3124914522,2217,2217,2100,50,50,0,2.26,53,30,471,QUERY BUG (top-50 cap)
339114,16112,20651,368033736,746,746,713,50,50,0,6.70,50,27,150,QUERY BUG (top-50 cap)
334112,16108,23879,1202633499,1800,1800,1715,50,50,0,2.78,53,34,378,QUERY BUG (top-50 cap)
722310,15947,37660,12246094232,1549,1549,1334,50,47,0,3.23,56,27,345,QUERY BUG (top-50 cap)
517210,15672,39092,1298896392,656,656,523,50,32,0,7.62,54,38,223,QUERY BUG (top-50 cap)
811111,15668,25069,2708778517,4238,4238,4121,50,44,0,1.18,55,35,1939,QUERY BUG (top-50 cap)
334517,15617,33436,8794600926,533,533,506,50,50,0,9.38,45,27,143,QUERY BUG (top-50 cap)
326150,15523,16599,89248573,326,326,314,50,49,0,15.34,42,16,58,QUERY BUG (top-50 cap)
333914,15467,19848,1136411447,2120,2120,2047,50,50,0,2.36,53,32,489,QUERY BUG (top-50 cap)
483111,15269,48186,28587027317,330,330,250,50,48,0,15.15,30,14,48,QUERY BUG (top-50 cap)
111110,15196,15417,37108351,116,116,103,50,45,0,43.10,35,10,10,QUERY BUG (top-50 cap)
334514,15145,18939,397313120,1606,1606,1565,50,49,0,3.11,51,30,304,QUERY BUG (top-50 cap)
484210,15074,31319,893713286,1750,1750,1591,50,43,0,2.86,54,40,728,QUERY BUG (top-50 cap)
336360,15018,18269,434891214,747,747,715,50,46,0,6.69,48,29,228,QUERY BUG (top-50 cap)
323114,14958,15601,38699748,25,25,24,25,24,0,100.00,14,0,0,OK
444190,14883,17425,209704903,1461,1461,1306,50,33,0,3.42,54,36,449,QUERY BUG (top-50 cap)
337127,14560,22798,1102550048,1481,1481,1376,50,48,0,3.38,54,27,316,QUERY BUG (top-50 cap)
315999,14396,28235,772363581,397,397,393,50,50,0,12.59,48,27,78,QUERY BUG (top-50 cap)
331210,14292,18268,161603463,1251,1251,1208,50,49,0,4.00,50,29,322,QUERY BUG (top-50 cap)
335910,14220,17463,578972041,811,811,773,50,50,0,6.17,53,30,118,QUERY BUG (top-50 cap)
332992,14087,21416,8512669910,496,496,477,50,46,0,10.08,50,26,121,QUERY BUG (top-50 cap)
332119,14053,16981,91657497,1388,1388,1349,50,48,0,3.60,50,28,226,QUERY BUG (top-50 cap)
336110,14025,17918,1346742780,443,443,306,50,39,0,11.29,51,27,82,QUERY BUG (top-50 cap)
237110,13628,30739,8744870181,3485,3485,3310,50,49,0,1.43,55,35,1577,QUERY BUG (top-50 cap)
238290,13624,31454,2979398792,3291,3291,3026,50,45,0,1.52,56,37,1392,QUERY BUG (top-50 cap)
333298,12960,22074,309933088,160,160,154,50,50,0,31.25,36,16,35,QUERY BUG (top-50 cap)
513210,12923,23293,4453061182,3155,3155,2904,50,50,0,1.58,52,33,843,QUERY BUG (top-50 cap)
621410,12917,13670,7947437,113,113,111,50,48,0,44.25,33,7,8,QUERY BUG (top-50 cap)
561611,12785,38518,8460432226,3074,3074,3063,50,50,0,1.63,54,39,1136,QUERY BUG (top-50 cap)
519130,12647,30680,2233113446,1522,1522,1267,50,49,0,3.29,49,30,234,QUERY BUG (top-50 cap)
315220,12595,18314,2193394510,466,466,442,50,49,0,10.73,45,25,124,QUERY BUG (top-50 cap)
315210,12446,21652,6926267030,831,831,796,50,50,0,6.02,52,32,208,QUERY BUG (top-50 cap)
313220,12114,12515,40440277,139,139,134,50,48,0,35.97,34,10,20,QUERY BUG (top-50 cap)
333923,12108,17659,1940795533,1707,1707,1601,50,47,0,2.93,51,31,433,QUERY BUG (top-50 cap)
238320,11974,19733,914217028,2005,2005,1690,50,42,0,2.49,55,35,627,QUERY BUG (top-50 cap)
331420,11928,14699,3339766930,1024,1024,999,50,48,0,4.88,51,25,132,QUERY BUG (top-50 cap)
238160,11886,25610,5202247790,2561,2561,2389,50,50,0,1.95,55,34,891,QUERY BUG (top-50 cap)
424490,11807,12578,97959004,494,494,460,50,39,0,10.12,47,25,144,QUERY BUG (top-50 cap)
561110,11761,48479,8896858024,2250,2250,2134,50,49,0,2.22,53,35,706,QUERY BUG (top-50 cap)
336330,11748,14658,456534265,667,667,636,50,47,0,7.50,42,24,142,QUERY BUG (top-50 cap)
541513,11739,57354,31478561029,2056,2056,2009,50,50,0,2.43,52,41,699,QUERY BUG (top-50 cap)
336340,11454,13700,180420457,643,643,613,50,49,0,7.78,45,28,129,QUERY BUG (top-50 cap)
331110,11428,13268,364117344,876,876,837,50,48,0,5.71,50,28,233,QUERY BUG (top-50 cap)
331221,11403,13333,154749764,618,618,607,50,49,0,8.09,46,22,94,QUERY BUG (top-50 cap)
327999,11377,13056,94160182,1141,1141,1088,50,49,0,4.38,50,27,205,QUERY BUG (top-50 cap)
221310,11355,32353,5397549170,2869,2869,2614,50,48,0,1.74,56,31,955,QUERY BUG (top-50 cap)
322299,11285,12915,448832529,282,282,275,50,49,0,17.73,43,22,48,QUERY BUG (top-50 cap)
621910,11228,21804,3752955306,767,767,736,50,50,0,6.52,51,23,145,QUERY BUG (top-50 cap)
333992,11028,13222,290885167,1259,1259,1220,50,47,0,3.97,53,30,192,QUERY BUG (top-50 cap)
333611,10998,17114,1567544955,1134,1134,1083,50,45,0,4.41,48,30,266,QUERY BUG (top-50 cap)
221122,10810,38408,10376107022,1370,1370,1248,50,49,0,3.65,55,29,341,QUERY BUG (top-50 cap)
236210,10668,25167,12555617694,1770,1770,1566,50,49,0,2.82,54,30,516,QUERY BUG (top-50 cap)
333414,10595,12891,303062541,1497,1497,1428,50,47,0,3.34,51,29,305,QUERY BUG (top-50 cap)
331318,10484,12153,125835504,821,821,805,50,50,0,6.09,47,27,178,QUERY BUG (top-50 cap)
532420,10362,44105,1385083913,916,916,822,50,43,0,5.46,55,37,305,QUERY BUG (top-50 cap)
336120,10356,16724,3285405982,497,497,412,50,37,0,10.06,47,20,107,QUERY BUG (top-50 cap)
333315,10314,27387,321530308,102,102,97,50,49,0,49.02,30,8,9,QUERY BUG (top-50 cap)
335210,10271,11270,53928806,494,494,422,50,39,0,10.12,47,28,115,QUERY BUG (top-50 cap)
541370,10231,22655,4508493835,1323,1323,1279,50,48,0,3.78,54,28,420,QUERY BUG (top-50 cap)
481212,10168,29894,43961613516,406,406,387,50,48,0,12.32,44,24,89,QUERY BUG (top-50 cap)
335110,10064,12889,88353869,815,815,753,50,50,0,6.13,50,30,177,QUERY BUG (top-50 cap)
485999,10036,20977,1228905382,1410,1410,1241,50,44,0,3.55,50,34,595,QUERY BUG (top-50 cap)
313110,9998,10316,42488865,233,233,227,50,46,0,21.46,39,17,52,QUERY BUG (top-50 cap)
313210,9855,11462,687367808,645,645,635,50,50,0,7.75,49,22,110,QUERY BUG (top-50 cap)
711510,9797,25958,1122142786,1696,1696,1636,50,48,0,2.95,54,33,294,QUERY BUG (top-50 cap)
334614,9743,15992,566901449,2026,2026,1919,50,48,0,2.47,51,29,369,QUERY BUG (top-50 cap)
335929,9668,11968,218021800,1021,1021,978,50,50,0,4.90,50,29,219,QUERY BUG (top-50 cap)
332913,9581,11762,116736628,1066,1066,1013,50,48,0,4.69,51,29,310,QUERY BUG (top-50 cap)
722320,9546,12600,290554402,1303,1303,1197,50,45,0,3.84,57,35,517,QUERY BUG (top-50 cap)
532112,9469,17508,942753794,423,423,121,50,15,0,11.82,37,26,63,QUERY BUG (top-50 cap)
323111,9433,13586,208427455,1124,1124,1054,50,46,0,4.45,51,28,213,QUERY BUG (top-50 cap)
333997,9191,10771,251402290,377,377,360,50,49,0,13.26,43,24,72,QUERY BUG (top-50 cap)
316210,9174,12981,1410737125,468,468,437,50,49,0,10.68,50,29,110,QUERY BUG (top-50 cap)
811213,9024,22236,4154301888,2087,2087,1949,50,48,0,2.40,53,32,621,QUERY BUG (top-50 cap)
541720,9008,29126,12490155701,2009,2009,1915,50,49,0,2.49,55,35,523,QUERY BUG (top-50 cap)
333517,8960,13832,1653084865,1711,1711,1574,50,47,0,2.92,51,25,305,QUERY BUG (top-50 cap)
336612,8911,16231,3424793918,1436,1436,1370,50,48,0,3.48,54,37,430,QUERY BUG (top-50 cap)
541618,8717,28123,8666885190,2593,2593,2502,50,49,0,1.93,53,33,678,QUERY BUG (top-50 cap)
332212,8708,9883,37474032,100,100,97,50,49,0,50.00,31,4,5,QUERY BUG (top-50 cap)
493110,8647,21739,6179461738,979,979,884,50,48,0,5.11,54,32,300,QUERY BUG (top-50 cap)
238390,8624,12130,859827982,1610,1610,1347,50,45,0,3.11,53,32,478,QUERY BUG (top-50 cap)
517919,8596,30064,9694149065,1766,1766,1550,50,49,0,2.83,56,42,650,QUERY BUG (top-50 cap)
488991,8593,15307,167489709,608,608,376,50,22,0,8.22,52,35,157,QUERY BUG (top-50 cap)
322223,8549,9128,68243401,11,11,10,11,10,0,100.00,7,0,0,OK
332321,8501,11797,209032206,1446,1446,1351,50,45,0,3.46,54,30,299,QUERY BUG (top-50 cap)
541612,8451,36842,8472476272,1768,1768,1738,50,50,0,2.83,50,39,562,QUERY BUG (top-50 cap)
325414,8437,12842,35436125612,1002,1002,920,50,44,0,4.99,51,31,211,QUERY BUG (top-50 cap)
517911,8297,22223,1579218107,1142,1142,918,50,45,0,4.38,53,37,296,QUERY BUG (top-50 cap)
221210,8222,26321,2678102138,529,529,482,50,41,0,9.45,53,31,191,QUERY BUG (top-50 cap)
561790,8122,20996,1013505251,2424,2424,2156,50,46,0,2.06,55,28,630,QUERY BUG (top-50 cap)
532120,7979,12323,434404058,1456,1456,1261,50,40,0,3.43,52,27,287,QUERY BUG (top-50 cap)
813920,7898,15315,954554611,1516,1516,1308,50,49,0,3.30,50,31,351,QUERY BUG (top-50 cap)
511130,7800,12679,873719666,672,672,610,50,47,0,7.44,46,21,119,QUERY BUG (top-50 cap)
454310,7786,13159,343963172,469,469,350,50,27,0,10.66,54,32,153,QUERY BUG (top-50 cap)
621112,7702,14205,1427630780,1008,1008,1002,50,50,0,4.96,52,36,391,QUERY BUG (top-50 cap)
332311,7677,15508,2119953175,1594,1594,1422,50,47,0,3.14,55,32,390,QUERY BUG (top-50 cap)
611420,7663,22639,1851386792,1350,1350,1307,50,50,0,3.70,52,32,375,QUERY BUG (top-50 cap)
519190,7662,19315,4051424785,1229,1229,1153,50,48,0,4.07,53,35,405,QUERY BUG (top-50 cap)
611699,7537,17162,2931536750,1791,1791,1744,50,50,0,2.79,54,38,635,QUERY BUG (top-50 cap)
541710,7532,20639,95392880631,1380,1380,1351,50,50,0,3.62,47,29,328,QUERY BUG (top-50 cap)
311421,7440,14559,9824125048,230,230,230,50,50,0,21.74,35,15,39,QUERY BUG (top-50 cap)
311611,7416,10445,6349578108,172,172,171,50,50,0,29.07,39,17,39,QUERY BUG (top-50 cap)
238910,7409,15721,2312292691,2717,2717,2526,50,46,0,1.84,56,30,964,QUERY BUG (top-50 cap)
921190,7405,13449,1233086637,1004,1004,894,50,36,0,4.98,56,38,291,QUERY BUG (top-50 cap)
531210,7312,16657,406747534,236,236,226,50,48,0,21.19,42,19,62,QUERY BUG (top-50 cap)
321920,7255,8957,467378103,431,431,403,50,49,0,11.60,47,27,124,QUERY BUG (top-50 cap)
561920,7228,16730,1091523878,1023,1023,959,50,50,0,4.89,50,37,346,QUERY BUG (top-50 cap)
532412,7183,11914,603374430,1434,1434,1228,50,41,0,3.49,56,38,481,QUERY BUG (top-50 cap)
531120,7163,19543,1645836294,2285,2285,2189,50,48,0,2.19,56,37,778,QUERY BUG (top-50 cap)
332322,7036,8465,269346427,1096,1096,1062,50,46,0,4.56,52,29,241,QUERY BUG (top-50 cap)
238330,7001,11164,400048930,1952,1952,1788,50,45,0,2.56,53,33,620,QUERY BUG (top-50 cap)
325211,6984,8510,435825009,799,799,782,50,47,0,6.26,50,28,168,QUERY BUG (top-50 cap)
321212,6824,7731,134047491,62,62,59,50,47,0,80.65,24,3,3,QUERY BUG (top-50 cap)
812990,6800,27271,1202769413,1307,1307,1216,50,47,0,3.83,50,38,311,QUERY BUG (top-50 cap)
336419,6749,18491,24913266371,1248,1248,1217,50,49,0,4.01,48,30,388,QUERY BUG (top-50 cap)
333244,6741,10039,837148484,778,778,737,50,46,0,6.43,48,31,231,QUERY BUG (top-50 cap)
488510,6728,11447,3238660319,624,624,426,50,45,0,8.01,50,31,85,QUERY BUG (top-50 cap)
511120,6666,13757,834518433,893,893,816,50,46,0,5.60,46,27,167,QUERY BUG (top-50 cap)
423860,6576,10241,605234690,813,813,611,50,43,0,6.15,53,31,120,QUERY BUG (top-50 cap)
541211,6572,32353,10760801050,506,506,438,50,50,0,9.88,38,23,111,QUERY BUG (top-50 cap)
336999,6489,9419,1034302666,1577,1577,1483,50,49,0,3.17,53,24,385,QUERY BUG (top-50 cap)
562112,6480,15775,609059901,760,760,698,50,46,0,6.58,52,27,178,QUERY BUG (top-50 cap)
336212,6460,12429,10157927293,1292,1292,1204,50,48,0,3.87,51,26,375,QUERY BUG (top-50 cap)
441310,6445,7408,46128217,574,574,547,50,46,0,8.71,51,27,160,QUERY BUG (top-50 cap)
812320,6384,16297,575423054,1050,1050,899,50,47,0,4.76,55,31,295,QUERY BUG (top-50 cap)
423690,6316,7965,221655200,1097,1097,1013,50,47,0,4.56,52,32,247,QUERY BUG (top-50 cap)
488390,6300,12338,1788588684,457,457,403,50,44,0,10.94,48,29,113,QUERY BUG (top-50 cap)
313320,6217,7016,117812520,655,655,642,50,49,0,7.63,49,27,153,QUERY BUG (top-50 cap)
336415,6191,11331,10244423892,872,872,849,50,47,0,5.73,46,26,243,QUERY BUG (top-50 cap)
621399,6139,17584,1949894962,1274,1274,1206,50,50,0,3.92,52,30,334,QUERY BUG (top-50 cap)
326112,6116,6714,72920045,243,243,225,50,47,0,20.58,37,14,31,QUERY BUG (top-50 cap)
621610,5838,8469,676668442,542,542,529,50,50,0,9.23,50,25,150,QUERY BUG (top-50 cap)
517111,5802,16738,1365993482,680,680,549,50,39,0,7.35,58,44,255,QUERY BUG (top-50 cap)
335122,5755,8085,146636672,1098,1098,1031,50,47,0,4.55,54,32,245,QUERY BUG (top-50 cap)
488330,5749,10180,1005042622,307,307,261,50,41,0,16.29,36,17,47,QUERY BUG (top-50 cap)
236118,5688,9597,1508735073,978,978,644,50,22,0,5.11,56,40,359,QUERY BUG (top-50 cap)
335139,5591,6762,136446164,624,624,594,50,48,0,8.01,44,28,131,QUERY BUG (top-50 cap)
333313,5553,8822,33911168,82,82,79,50,48,0,60.98,22,6,8,QUERY BUG (top-50 cap)
332993,5552,21110,55952675587,729,729,700,50,45,0,6.86,51,28,139,QUERY BUG (top-50 cap)
561499,5531,16769,4731202988,1258,1258,1168,50,50,0,3.97,53,33,331,QUERY BUG (top-50 cap)
334119,5495,8889,613135271,273,273,265,50,47,0,18.32,39,21,60,QUERY BUG (top-50 cap)
311615,5345,8054,5295802089,174,174,173,50,49,0,28.74,36,15,27,QUERY BUG (top-50 cap)
541711,5320,16660,17300050339,1663,1663,1559,50,44,0,3.01,51,34,334,QUERY BUG (top-50 cap)
541714,5295,17485,21769406330,1687,1687,1556,50,48,0,2.96,50,31,365,QUERY BUG (top-50 cap)
561710,5290,15860,445631271,994,994,943,50,47,0,5.03,55,33,334,QUERY BUG (top-50 cap)
325320,5262,7409,153699457,468,468,441,50,48,0,10.68,50,24,101,QUERY BUG (top-50 cap)
621999,5242,19057,4499362538,919,919,906,50,50,0,5.44,52,31,326,QUERY BUG (top-50 cap)
517112,5208,10278,731220794,372,372,253,50,32,0,13.44,54,37,82,QUERY BUG (top-50 cap)
611519,5190,23044,14266706236,1192,1192,1158,50,49,0,4.19,51,30,369,QUERY BUG (top-50 cap)
812332,5177,13646,756247424,632,632,603,50,49,0,7.91,51,28,184,QUERY BUG (top-50 cap)
237130,5177,15128,6611598820,1764,1764,1653,50,49,0,2.83,55,30,574,QUERY BUG (top-50 cap)
541810,5106,18290,14004898509,728,728,668,50,50,0,6.87,51,33,207,QUERY BUG (top-50 cap)
541219,5066,25355,7673583676,755,755,665,50,50,0,6.62,42,30,250,QUERY BUG (top-50 cap)
335921,5045,6749,347326859,920,920,835,50,45,0,5.43,49,28,177,QUERY BUG (top-50 cap)
515210,5043,14037,130136072,679,679,652,50,49,0,7.36,53,25,159,QUERY BUG (top-50 cap)
331313,5036,5325,15068764,252,252,250,50,50,0,19.84,39,15,35,QUERY BUG (top-50 cap)
213113,5012,5802,33610528,687,687,667,50,48,0,7.28,43,22,137,QUERY BUG (top-50 cap)
315992,4999,5536,9795792,17,17,16,16,15,0,94.12,13,1,1,IDENTITY RESOLUTION (rollup groups by name, keeps 1 UEI)
541350,4977,15361,1925395805,1457,1457,1255,50,45,0,3.43,52,35,456,QUERY BUG (top-50 cap)
541940,4960,9886,1048833084,560,560,543,50,50,0,8.93,52,23,126,QUERY BUG (top-50 cap)
611512,4902,15761,8717797437,476,476,457,50,49,0,10.50,43,30,143,QUERY BUG (top-50 cap)
623990,4870,18808,4759906605,241,241,236,50,50,0,20.75,45,17,57,QUERY BUG (top-50 cap)
325199,4844,6761,195180467,795,795,757,50,50,0,6.29,48,23,113,QUERY BUG (top-50 cap)
621420,4802,16911,586397739,406,406,405,50,50,0,12.32,51,24,123,QUERY BUG (top-50 cap)
333293,4707,15090,152521969,32,32,31,29,28,0,90.63,19,1,1,IDENTITY RESOLUTION (rollup groups by name, keeps 1 UEI)
327110,4685,5284,25725224,454,454,437,50,49,0,11.01,48,21,71,QUERY BUG (top-50 cap)
423490,4568,6737,223054060,1176,1176,1117,50,48,0,4.25,51,27,231,QUERY BUG (top-50 cap)
812930,4539,13111,746338691,739,739,701,50,50,0,6.77,51,33,235,QUERY BUG (top-50 cap)
323113,4514,7680,94675237,285,285,274,50,49,0,17.54,46,23,45,QUERY BUG (top-50 cap)
333111,4487,6707,251672592,1138,1138,1097,50,50,0,4.39,53,27,305,QUERY BUG (top-50 cap)
562998,4456,10435,553504801,1188,1188,1066,50,39,0,4.21,56,34,370,QUERY BUG (top-50 cap)
441222,4452,5091,70927149,391,391,381,50,49,0,12.79,50,27,81,QUERY BUG (top-50 cap)
315240,4426,5676,314655859,62,62,59,50,47,0,80.65,26,3,4,QUERY BUG (top-50 cap)
325920,4394,17895,7529416145,326,326,306,50,46,0,15.34,46,22,76,QUERY BUG (top-50 cap)
541910,4369,14009,2332271592,791,791,605,50,49,0,6.32,53,36,135,QUERY BUG (top-50 cap)
813110,4328,11704,166862632,1243,1243,1064,50,50,0,4.02,52,30,318,QUERY BUG (top-50 cap)
541191,4326,6822,196776216,548,548,548,50,50,0,9.12,51,22,146,QUERY BUG (top-50 cap)
336214,4271,5526,315222862,820,820,772,50,50,0,6.10,51,34,328,QUERY BUG (top-50 cap)
811412,4265,7646,172070906,875,875,715,50,35,0,5.71,52,31,264,QUERY BUG (top-50 cap)
221320,4262,10963,1873859534,828,828,728,50,46,0,6.04,52,27,235,QUERY BUG (top-50 cap)
325620,4235,4574,31262104,176,176,157,50,40,0,28.41,39,14,37,QUERY BUG (top-50 cap)
561510,4224,10570,429892388,260,260,106,50,29,0,19.23,40,21,36,QUERY BUG (top-50 cap)
531390,4207,10491,1087129372,400,400,383,50,47,0,12.50,46,26,110,QUERY BUG (top-50 cap)
332410,4166,5537,22178262106,893,893,866,50,50,0,5.60,51,31,240,QUERY BUG (top-50 cap)
424690,4158,5408,65663030,450,450,410,50,40,0,11.11,50,24,75,QUERY BUG (top-50 cap)
562119,4154,9553,5982150217,911,911,808,50,43,0,5.49,54,34,335,QUERY BUG (top-50 cap)
424950,4097,5702,78634113,160,160,137,50,41,0,31.25,36,16,27,QUERY BUG (top-50 cap)
332323,4080,4809,90093464,720,720,682,50,48,0,6.94,52,32,245,QUERY BUG (top-50 cap)
333112,4069,5715,203171489,898,898,836,50,45,0,5.57,53,33,316,QUERY BUG (top-50 cap)
532411,4046,9515,941603209,334,334,286,50,43,0,14.97,46,26,86,QUERY BUG (top-50 cap)
332313,4025,5307,138085451,961,961,918,50,48,0,5.20,51,29,229,QUERY BUG (top-50 cap)
524114,4021,17958,302020444679,216,216,76,50,37,0,23.15,30,7,11,QUERY BUG (top-50 cap)
524210,4015,7526,469525491,189,189,55,50,11,0,26.46,27,18,25,QUERY BUG (top-50 cap)
333248,3985,4692,811655556,740,740,699,50,46,0,6.76,49,24,135,QUERY BUG (top-50 cap)
221112,3967,12835,3497266694,315,315,271,50,49,0,15.87,49,24,59,QUERY BUG (top-50 cap)
337910,3899,4726,231722530,319,319,248,50,40,0,15.67,44,23,50,QUERY BUG (top-50 cap)
611630,3896,9225,803912816,220,220,123,50,40,0,22.73,30,14,27,QUERY BUG (top-50 cap)
721211,3855,10058,119379612,1909,1909,1908,50,50,0,2.62,48,35,1150,QUERY BUG (top-50 cap)
212321,3797,6131,233233067,930,930,708,50,41,0,5.38,52,32,278,QUERY BUG (top-50 cap)
314110,3759,7211,118885131,537,537,483,50,47,0,9.31,53,32,121,QUERY BUG (top-50 cap)
339910,3755,4191,77455767,146,146,144,50,50,0,34.25,36,14,27,QUERY BUG (top-50 cap)
621991,3718,8864,1043057271,255,255,252,50,50,0,19.61,41,16,59,QUERY BUG (top-50 cap)
313310,3704,5181,612953103,535,535,496,50,50,0,9.35,43,16,63,QUERY BUG (top-50 cap)
481112,3703,5180,1189185451,153,153,119,50,48,0,32.68,33,9,14,QUERY BUG (top-50 cap)
621512,3692,10138,722917632,516,516,503,50,50,0,9.69,49,25,135,QUERY BUG (top-50 cap)
512110,3668,13148,577239001,960,960,920,50,50,0,5.21,51,35,257,QUERY BUG (top-50 cap)
325180,3656,6447,5172969632,533,533,505,50,47,0,9.38,51,30,158,QUERY BUG (top-50 cap)
541820,3629,13232,1746335856,462,462,422,50,48,0,10.82,43,30,132,QUERY BUG (top-50 cap)
331529,3617,4643,136187989,493,493,481,50,47,0,10.14,45,23,90,QUERY BUG (top-50 cap)
333249,3613,5262,291455812,1376,1376,1290,50,44,0,3.63,52,27,328,QUERY BUG (top-50 cap)
423210,3542,5140,122873915,744,744,615,50,38,0,6.72,50,28,212,QUERY BUG (top-50 cap)
423940,3537,3848,1319248117,57,57,54,50,47,0,87.72,24,1,1,QUERY BUG (top-50 cap)
446199,3532,3937,25525719,332,332,280,50,33,0,15.06,42,26,95,QUERY BUG (top-50 cap)
314912,3495,4199,62755874,45,45,45,44,44,0,97.78,25,1,1,IDENTITY RESOLUTION (rollup groups by name, keeps 1 UEI)
423120,3456,5311,305238057,656,656,530,50,36,0,7.62,51,29,175,QUERY BUG (top-50 cap)
621498,3454,10458,5342390105,328,328,320,50,50,0,15.24,48,26,88,QUERY BUG (top-50 cap)
624120,3449,6389,232921804,608,608,603,50,50,0,8.22,44,29,145,QUERY BUG (top-50 cap)
314991,3434,3559,1968716,27,27,27,27,27,0,100.00,15,0,0,OK
112990,3421,5479,447470582,323,323,295,50,48,0,15.48,44,22,73,QUERY BUG (top-50 cap)
532291,3353,4311,582480010,80,80,76,50,49,0,62.50,32,6,6,QUERY BUG (top-50 cap)
442110,3338,4573,90499570,545,545,467,50,43,0,9.17,50,30,188,QUERY BUG (top-50 cap)
339111,3315,5758,116504254,85,85,85,50,50,0,58.82,25,3,3,QUERY BUG (top-50 cap)
333921,3313,6166,187555166,606,606,499,50,40,0,8.25,48,29,154,QUERY BUG (top-50 cap)
532310,3308,4479,117756913,337,337,306,50,44,0,14.84,48,22,67,QUERY BUG (top-50 cap)
335121,3289,4754,55404418,426,426,403,50,48,0,11.74,47,26,102,QUERY BUG (top-50 cap)
336414,3251,33005,235067397094,271,271,258,50,47,0,18.45,39,27,85,QUERY BUG (top-50 cap)
561410,3243,10294,594193744,718,718,702,50,50,0,6.96,50,37,311,QUERY BUG (top-50 cap)
484220,3236,6215,654173297,628,628,591,50,45,0,7.96,50,26,132,QUERY BUG (top-50 cap)
311119,3225,4887,142610056,252,252,249,50,50,0,19.84,45,21,74,QUERY BUG (top-50 cap)
488320,3194,4948,1375590909,186,186,103,50,23,0,26.88,32,21,28,QUERY BUG (top-50 cap)
316998,3182,6114,131183897,398,398,389,50,50,0,12.56,47,25,77,QUERY BUG (top-50 cap)
541613,3170,14568,2914562235,818,818,751,50,48,0,6.11,52,38,258,QUERY BUG (top-50 cap)
311513,3141,6147,4065348728,103,103,103,50,50,0,48.54,33,13,21,QUERY BUG (top-50 cap)
334613,3129,3698,51458023,366,366,360,50,50,0,13.66,41,18,49,QUERY BUG (top-50 cap)
444180,3114,3701,33252916,526,526,518,50,49,0,9.51,48,26,100,QUERY BUG (top-50 cap)
315250,3074,4207,394809730,200,200,194,50,49,0,25.00,38,16,33,QUERY BUG (top-50 cap)
531110,3071,9422,489688391,440,440,403,50,43,0,11.36,50,31,116,QUERY BUG (top-50 cap)
332813,3067,4586,110309618,329,329,320,50,48,0,15.20,46,22,70,QUERY BUG (top-50 cap)
315299,3015,3623,27762283,68,68,67,50,50,0,73.53,33,5,5,QUERY BUG (top-50 cap)
523910,3014,5146,257929206,453,453,376,50,43,0,11.04,42,27,107,QUERY BUG (top-50 cap)
423990,3010,3997,267188089,576,576,551,50,49,0,8.68,48,28,141,QUERY BUG (top-50 cap)
922160,3003,5040,191060616,942,942,844,50,42,0,5.31,53,33,371,QUERY BUG (top-50 cap)
562219,2982,7203,366286891,615,615,532,50,29,0,8.13,54,39,252,QUERY BUG (top-50 cap)
322291,2982,4078,77931324,264,264,248,50,45,0,18.94,41,17,49,QUERY BUG (top-50 cap)
531311,2965,7725,1225352370,161,161,144,50,45,0,31.06,39,17,41,QUERY BUG (top-50 cap)
221118,2923,6286,1318260099,516,516,485,50,48,0,9.69,46,21,85,QUERY BUG (top-50 cap)
324122,2920,3173,14726053,68,68,63,50,45,0,73.53,26,3,3,QUERY BUG (top-50 cap)
332420,2906,4352,300682590,971,971,918,50,49,0,5.15,51,27,255,QUERY BUG (top-50 cap)
333922,2874,4833,748951259,605,605,572,50,48,0,8.26,49,26,122,QUERY BUG (top-50 cap)
327992,2810,3127,34326073,246,246,231,50,42,0,20.33,42,21,72,QUERY BUG (top-50 cap)
541430,2809,8269,366337649,993,993,965,50,50,0,5.04,53,35,270,QUERY BUG (top-50 cap)
923110,2808,5815,330327957,440,440,405,50,50,0,11.36,51,28,116,QUERY BUG (top-50 cap)
311411,2771,5492,2282132628,157,157,151,50,50,0,31.85,34,13,28,QUERY BUG (top-50 cap)
561599,2738,7754,3366435930,302,302,225,50,48,0,16.56,41,21,42,QUERY BUG (top-50 cap)
238190,2728,6371,490727244,1351,1351,1171,50,39,0,3.70,55,32,357,QUERY BUG (top-50 cap)
333995,2719,3797,226289174,692,692,676,50,48,0,7.23,43,23,129,QUERY BUG (top-50 cap)
326291,2692,3389,116751329,502,502,487,50,47,0,9.96,45,24,99,QUERY BUG (top-50 cap)
339993,2672,2977,61221303,327,327,324,50,49,0,15.29,41,20,40,QUERY BUG (top-50 cap)
336370,2670,3509,57831096,260,260,254,50,48,0,19.23,39,17,42,QUERY BUG (top-50 cap)
922130,2658,4499,57614100,339,339,235,50,30,0,14.75,39,25,74,QUERY BUG (top-50 cap)
532283,2650,3774,638188467,83,83,81,50,49,0,60.24,32,6,9,QUERY BUG (top-50 cap)
811198,2636,4371,186995518,997,997,917,50,37,0,5.02,53,31,344,QUERY BUG (top-50 cap)
331410,2621,2763,12423951084,96,96,93,50,47,0,52.08,26,9,13,QUERY BUG (top-50 cap)
811490,2603,4999,193471644,746,746,613,50,38,0,6.70,49,31,218,QUERY BUG (top-50 cap)
311612,2593,4245,535921721,180,180,176,50,50,0,27.78,39,14,30,QUERY BUG (top-50 cap)
519290,2548,5910,789405184,487,487,432,50,49,0,10.27,39,17,53,QUERY BUG (top-50 cap)
311813,2536,2674,3865087,40,40,40,40,40,0,100.00,21,0,0,OK
485510,2532,4289,103536918,544,544,429,50,34,0,9.19,51,30,132,QUERY BUG (top-50 cap)
115112,2528,4940,237003165,625,625,611,50,50,0,8.00,50,27,172,QUERY BUG (top-50 cap)
326113,2522,2995,55308326,274,274,267,50,50,0,18.25,43,23,55,QUERY BUG (top-50 cap)
561450,2498,8876,1829629964,72,72,71,50,49,0,69.44,23,2,2,QUERY BUG (top-50 cap)
923120,2482,6732,958123459,426,426,411,50,46,0,11.74,56,27,139,QUERY BUG (top-50 cap)
238110,2451,4807,545737382,1117,1117,1013,50,44,0,4.48,53,29,352,QUERY BUG (top-50 cap)
517121,2444,4519,155102208,409,409,230,50,28,0,12.22,39,26,74,QUERY BUG (top-50 cap)
484110,2443,4567,240891578,497,497,368,50,32,0,10.06,52,32,139,QUERY BUG (top-50 cap)
922120,2420,6624,141922363,743,743,735,50,48,0,6.73,52,31,269,QUERY BUG (top-50 cap)
485410,2404,5613,810491204,268,268,118,50,16,0,18.66,39,27,58,QUERY BUG (top-50 cap)
621330,2365,6433,217168927,625,625,620,50,50,0,8.00,50,28,262,QUERY BUG (top-50 cap)
335132,2339,2828,67321373,439,439,418,50,46,0,11.39,46,29,102,QUERY BUG (top-50 cap)
531190,2328,5934,365978429,1201,1201,1188,50,49,0,4.16,52,30,373,QUERY BUG (top-50 cap)
424110,2315,3051,11722323,151,151,133,50,44,0,33.11,36,18,20,QUERY BUG (top-50 cap)
423110,2287,3216,574511539,557,557,354,50,26,0,8.98,52,34,145,QUERY BUG (top-50 cap)
484121,2282,3424,317494458,327,327,277,50,37,0,15.29,43,20,78,QUERY BUG (top-50 cap)
812210,2255,3910,68838869,301,301,294,50,47,0,16.61,48,25,90,QUERY BUG (top-50 cap)
321113,2242,2619,55593582,308,308,289,50,45,0,16.23,48,24,77,QUERY BUG (top-50 cap)
624221,2236,5756,554864170,365,365,358,50,50,0,13.70,47,27,88,QUERY BUG (top-50 cap)
237120,2210,6985,5099360866,619,619,551,50,46,0,8.08,52,31,175,QUERY BUG (top-50 cap)
511199,2196,7878,4503225572,512,512,492,50,49,0,9.77,42,21,60,QUERY BUG (top-50 cap)
312113,2183,3187,51125945,198,198,180,50,49,0,25.25,44,16,43,QUERY BUG (top-50 cap)
325910,2169,2957,515346577,308,308,266,50,44,0,16.23,44,24,56,QUERY BUG (top-50 cap)
541360,2165,3996,1427351727,690,690,631,50,43,0,7.25,54,33,245,QUERY BUG (top-50 cap)
326130,2162,2620,142168715,394,394,387,50,50,0,12.69,47,21,59,QUERY BUG (top-50 cap)
488490,2143,5047,259786127,535,535,451,50,42,0,9.35,55,27,129,QUERY BUG (top-50 cap)
314120,2125,3717,69931076,346,346,293,50,47,0,14.45,42,20,46,QUERY BUG (top-50 cap)
316999,2121,3677,29378930,77,77,77,50,50,0,64.94,30,5,6,QUERY BUG (top-50 cap)
322219,2090,2670,87020307,423,423,405,50,46,0,11.82,48,21,58,QUERY BUG (top-50 cap)
624230,2080,4239,9066906219,985,985,723,50,49,0,5.08,52,36,330,QUERY BUG (top-50 cap)
333519,2079,2535,191871016,501,501,487,50,47,0,9.98,47,23,117,QUERY BUG (top-50 cap)
423910,2064,2976,33841403,595,595,561,50,46,0,8.40,50,25,159,QUERY BUG (top-50 cap)
337121,2058,3599,100547161,468,468,405,50,43,0,10.68,47,23,83,QUERY BUG (top-50 cap)
485991,2035,6040,1542465191,295,295,274,50,50,0,16.95,46,23,53,QUERY BUG (top-50 cap)
336991,2031,2974,59898855,413,413,387,50,45,0,12.11,50,26,115,QUERY BUG (top-50 cap)
339116,2011,4994,218783398,203,203,201,50,50,0,24.63,37,15,35,QUERY BUG (top-50 cap)
334610,2011,2196,98304906,328,328,324,50,49,0,15.24,44,23,55,QUERY BUG (top-50 cap)
326191,1991,2602,45804420,340,340,320,50,48,0,14.71,47,26,80,QUERY BUG (top-50 cap)
511110,1988,3867,107231125,341,341,311,50,48,0,14.66,47,31,94,QUERY BUG (top-50 cap)
488999,1979,4242,3056202490,363,363,263,50,32,0,13.77,45,32,116,QUERY BUG (top-50 cap)
311211,1971,3105,1091996345,84,84,79,50,48,0,59.52,35,9,10,QUERY BUG (top-50 cap)
541410,1970,4565,191721153,306,306,285,50,50,0,16.34,44,25,69,QUERY BUG (top-50 cap)
423620,1959,2686,74912141,504,504,367,50,32,0,9.92,44,27,84,QUERY BUG (top-50 cap)
423330,1953,2317,103127746,94,94,86,50,45,0,53.19,31,8,18,QUERY BUG (top-50 cap)
481219,1942,5727,1830266186,199,199,189,50,49,0,25.13,41,19,47,QUERY BUG (top-50 cap)
313221,1921,2057,1803974,8,8,8,8,8,0,100.00,7,0,0,OK
332812,1907,3600,99618512,392,392,378,50,47,0,12.76,47,25,84,QUERY BUG (top-50 cap)
453998,1904,2889,57758580,477,477,470,50,49,0,10.48,50,27,143,QUERY BUG (top-50 cap)
335220,1892,2804,104313444,474,474,335,50,27,0,10.55,46,30,131,QUERY BUG (top-50 cap)
115210,1879,4979,722128986,332,332,323,50,50,0,15.06,38,20,75,QUERY BUG (top-50 cap)
515120,1872,5924,200785986,422,422,385,50,46,0,11.85,46,30,91,QUERY BUG (top-50 cap)
485113,1872,3902,382478438,341,341,233,50,41,0,14.66,50,29,81,QUERY BUG (top-50 cap)
337124,1862,2327,97267552,332,332,286,50,44,0,15.06,46,24,74,QUERY BUG (top-50 cap)
624190,1842,6496,5522034050,557,557,519,50,50,0,8.98,49,30,175,QUERY BUG (top-50 cap)
623220,1842,5338,547593314,266,266,265,50,50,0,18.80,43,23,68,QUERY BUG (top-50 cap)
424920,1841,2942,78361442,225,225,205,50,47,0,22.22,35,18,35,QUERY BUG (top-50 cap)
114119,1813,2068,39554122,258,258,254,50,48,0,19.38,44,21,79,QUERY BUG (top-50 cap)
713990,1812,3910,85446672,603,603,567,50,47,0,8.29,51,33,198,QUERY BUG (top-50 cap)
519120,1802,4819,619673024,451,451,425,50,49,0,11.09,46,27,108,QUERY BUG (top-50 cap)
333913,1794,2601,168052499,375,375,369,50,49,0,13.33,44,22,113,QUERY BUG (top-50 cap)
337126,1791,2490,104153260,137,137,92,50,36,0,36.50,36,15,21,QUERY BUG (top-50 cap)
491110,1745,4889,533269528,228,228,194,50,47,0,21.93,39,17,52,QUERY BUG (top-50 cap)
327320,1744,2379,81333413,293,293,260,50,43,0,17.06,50,25,89,QUERY BUG (top-50 cap)
423440,1739,2265,38180201,521,521,483,50,42,0,9.60,51,31,138,QUERY BUG (top-50 cap)
712110,1730,3704,365517259,855,855,833,50,49,0,5.85,52,28,171,QUERY BUG (top-50 cap)
326121,1704,1927,24524729,215,215,212,50,50,0,23.26,38,18,31,QUERY BUG (top-50 cap)
333994,1698,2515,243261831,513,513,498,50,50,0,9.75,48,26,109,QUERY BUG (top-50 cap)
812331,1681,4169,171290207,360,360,339,50,48,0,13.89,49,27,89,QUERY BUG (top-50 cap)
621210,1676,4498,604756115,360,360,314,50,50,0,13.89,48,27,131,QUERY BUG (top-50 cap)
561421,1636,4877,1398531704,378,378,334,50,48,0,13.23,48,25,79,QUERY BUG (top-50 cap)
423720,1634,2165,23793616,515,515,479,50,48,0,9.71,50,29,141,QUERY BUG (top-50 cap)
425120,1634,4216,385565686,327,327,311,50,50,0,15.29,47,16,45,QUERY BUG (top-50 cap)
334518,1631,1676,1399841,8,8,7,8,7,0,100.00,5,0,0,OK
926130,1620,4369,990916801,435,435,425,50,47,0,11.49,51,23,114,QUERY BUG (top-50 cap)
333294,1614,1675,11325202,12,12,12,12,12,0,100.00,10,0,0,OK
327215,1610,2144,52759330,449,449,428,50,47,0,11.14,47,24,80,QUERY BUG (top-50 cap)
624229,1584,4044,508296648,251,251,238,50,49,0,19.92,44,23,57,QUERY BUG (top-50 cap)
561910,1582,2446,367248930,249,249,236,50,50,0,20.08,43,20,63,QUERY BUG (top-50 cap)
485310,1562,3424,46406430,139,139,66,50,29,0,35.97,28,13,21,QUERY BUG (top-50 cap)
561622,1555,2981,62592589,517,517,482,50,43,0,9.67,50,28,134,QUERY BUG (top-50 cap)
448150,1542,2000,20396469,309,309,285,50,46,0,16.18,43,21,43,QUERY BUG (top-50 cap)
321211,1540,1731,66516980,121,121,103,50,42,0,41.32,35,14,24,QUERY BUG (top-50 cap)
443142,1536,2025,93632712,539,539,500,50,47,0,9.28,51,36,148,QUERY BUG (top-50 cap)
212312,1505,2467,149975674,271,271,252,50,44,0,18.45,45,19,69,QUERY BUG (top-50 cap)
335991,1498,2072,89822588,400,400,389,50,50,0,12.50,48,23,80,QUERY BUG (top-50 cap)
811118,1486,2708,54711963,712,712,675,50,42,0,7.02,51,27,194,QUERY BUG (top-50 cap)
621340,1463,6185,1370494098,432,432,416,50,49,0,11.57,52,35,153,QUERY BUG (top-50 cap)
492210,1456,4910,112699852,226,226,202,50,46,0,22.12,41,19,39,QUERY BUG (top-50 cap)
541890,1455,2214,515037907,534,534,515,50,47,0,9.36,52,29,157,QUERY BUG (top-50 cap)
711130,1451,4520,39492972,491,491,428,50,43,0,10.18,50,29,137,QUERY BUG (top-50 cap)
713940,1444,4003,164838677,464,464,428,50,46,0,10.78,53,28,103,QUERY BUG (top-50 cap)
457210,1439,2550,51156213,112,112,58,50,23,0,44.64,29,11,15,QUERY BUG (top-50 cap)
327390,1420,2775,425995793,420,420,356,50,44,0,11.90,51,24,117,QUERY BUG (top-50 cap)
424440,1415,1590,6849263,65,65,63,50,49,0,76.92,23,1,1,QUERY BUG (top-50 cap)
238150,1414,2235,141434201,727,727,694,50,47,0,6.88,54,29,186,QUERY BUG (top-50 cap)
321114,1401,1705,28963959,242,242,231,50,47,0,20.66,48,19,72,QUERY BUG (top-50 cap)
485320,1400,3568,132418489,182,182,62,50,15,0,27.47,22,17,26,QUERY BUG (top-50 cap)
321992,1381,2966,167913372,330,330,316,50,49,0,15.15,48,24,77,QUERY BUG (top-50 cap)
238310,1369,2010,72613498,650,650,612,50,45,0,7.69,53,32,230,QUERY BUG (top-50 cap)
562212,1367,3611,126247642,287,287,275,50,47,0,17.42,49,26,65,QUERY BUG (top-50 cap)
325212,1363,1677,163764476,278,278,272,50,48,0,17.99,42,20,48,QUERY BUG (top-50 cap)
456199,1361,1435,2373498,71,71,69,50,48,0,70.42,25,3,4,QUERY BUG (top-50 cap)
813910,1349,2267,43998258,376,376,359,50,49,0,13.30,44,22,73,QUERY BUG (top-50 cap)
441228,1345,1794,77235370,494,494,437,50,37,0,10.12,49,29,181,QUERY BUG (top-50 cap)
517810,1344,2928,997204896,448,448,380,50,50,0,11.16,47,25,84,QUERY BUG (top-50 cap)
524292,1335,6167,5923101200,112,112,108,50,50,0,44.64,37,13,20,QUERY BUG (top-50 cap)
211130,1331,3048,281845059,102,102,98,50,48,0,49.02,37,13,18,QUERY BUG (top-50 cap)
541713,1325,4112,1983005473,759,759,731,50,49,0,6.59,49,31,180,QUERY BUG (top-50 cap)
423410,1308,1819,41005442,405,405,371,50,48,0,12.35,43,28,109,QUERY BUG (top-50 cap)
484230,1300,2750,967977279,260,260,221,50,28,0,19.23,44,27,75,QUERY BUG (top-50 cap)
311225,1295,2244,1229958515,75,75,73,50,49,0,66.67,25,6,7,QUERY BUG (top-50 cap)
212319,1279,2172,169323536,346,346,331,50,49,0,14.45,45,26,117,QUERY BUG (top-50 cap)
532289,1279,2290,155460522,415,415,349,50,44,0,12.05,46,27,119,QUERY BUG (top-50 cap)
488119,1277,4274,718188480,362,362,312,50,42,0,13.81,48,30,106,QUERY BUG (top-50 cap)
423510,1277,1579,15480057,293,293,281,50,49,0,17.06,45,19,55,QUERY BUG (top-50 cap)
238140,1277,2790,326289487,511,511,429,50,48,0,9.78,49,27,115,QUERY BUG (top-50 cap)
541320,1267,3646,608554855,386,386,333,50,46,0,12.95,47,27,93,QUERY BUG (top-50 cap)
812910,1262,3513,114813340,361,361,355,50,49,0,13.85,51,32,114,QUERY BUG (top-50 cap)
339992,1245,1928,42563189,250,250,241,50,50,0,20.00,45,19,39,QUERY BUG (top-50 cap)
459410,1235,1477,37790733,123,123,100,50,43,0,40.65,31,10,14,QUERY BUG (top-50 cap)
221330,1215,2145,531032096,442,442,407,50,48,0,11.31,52,30,124,QUERY BUG (top-50 cap)
446110,1215,2123,53285349,141,141,141,50,50,0,35.46,41,16,33,QUERY BUG (top-50 cap)
327991,1180,2998,667679512,188,188,186,50,50,0,26.60,45,24,62,QUERY BUG (top-50 cap)
335222,1154,1719,70535837,132,132,110,50,35,0,37.88,37,17,30,QUERY BUG (top-50 cap)
311423,1154,2328,1394521481,151,151,149,50,50,0,33.11,31,15,39,QUERY BUG (top-50 cap)
611620,1149,2517,77218891,341,341,328,50,50,0,14.66,47,27,79,QUERY BUG (top-50 cap)
621492,1148,2322,6884115090,98,98,98,50,50,0,51.02,36,7,10,QUERY BUG (top-50 cap)
314129,1141,1231,1344795,11,11,11,8,8,0,72.73,9,2,2,IDENTITY RESOLUTION (rollup groups by name, keeps 1 UEI)
337125,1138,1696,37429171,273,273,203,50,33,0,18.32,41,23,42,QUERY BUG (top-50 cap)
561330,1135,2519,230909058,188,188,163,50,49,0,26.60,33,13,28,QUERY BUG (top-50 cap)
541850,1124,2921,78631849,397,397,387,50,48,0,12.59,47,19,87,QUERY BUG (top-50 cap)
813311,1124,2818,302740252,212,212,210,50,49,0,23.58,51,9,29,QUERY BUG (top-50 cap)
311514,1100,1855,552532071,66,66,63,50,48,0,75.76,30,6,7,QUERY BUG (top-50 cap)
811211,1096,2109,53305385,514,514,480,50,43,0,9.73,51,27,121,QUERY BUG (top-50 cap)
113210,1060,2446,162195409,201,201,199,50,50,0,24.88,39,23,50,QUERY BUG (top-50 cap)
337920,1057,1751,39187491,329,329,290,50,43,0,15.20,50,28,66,QUERY BUG (top-50 cap)
561613,1043,3631,47983034,133,133,119,50,44,0,37.59,41,14,23,QUERY BUG (top-50 cap)
562213,1042,2257,70361860,107,107,95,50,45,0,46.73,36,14,22,QUERY BUG (top-50 cap)
424710,1033,2158,106020328,264,264,246,50,42,0,18.94,48,23,82,QUERY BUG (top-50 cap)
111998,1029,2137,179978951,174,174,169,50,50,0,28.74,43,25,61,QUERY BUG (top-50 cap)
321912,1026,1312,37251770,273,273,254,50,49,0,18.32,48,26,72,QUERY BUG (top-50 cap)
238350,1024,1797,101534728,641,641,608,50,47,0,7.80,52,30,183,QUERY BUG (top-50 cap)
562920,1020,2468,83487923,264,264,225,50,39,0,18.94,42,18,55,QUERY BUG (top-50 cap)
444140,1019,1292,9136079,225,225,210,50,47,0,22.22,46,23,53,QUERY BUG (top-50 cap)
324199,1010,1716,24165489,293,293,268,50,44,0,17.06,50,26,96,QUERY BUG (top-50 cap)
561740,1005,2132,20604061,368,368,318,50,41,0,13.59,49,26,65,QUERY BUG (top-50 cap)
322221,997,1573,65269608,22,22,22,22,22,0,100.00,13,0,0,OK
441110,992,1370,117260137,247,247,171,50,17,0,20.24,45,36,88,QUERY BUG (top-50 cap)
531130,988,2177,15452764,444,444,418,50,44,0,11.26,51,25,135,QUERY BUG (top-50 cap)
423740,987,1377,20460403,425,425,363,50,43,0,11.76,45,21,66,QUERY BUG (top-50 cap)
811411,985,1801,27952436,262,262,186,50,24,0,19.08,46,30,97,QUERY BUG (top-50 cap)
928120,983,6054,866388144,428,428,410,50,48,0,11.68,44,23,112,QUERY BUG (top-50 cap)
424420,975,1063,1830562,48,48,47,47,46,0,97.92,25,0,0,OK
423730,971,1346,23163007,405,405,355,50,42,0,12.35,47,24,97,QUERY BUG (top-50 cap)
213112,970,2576,901458861,322,322,293,50,41,0,15.53,48,27,86,QUERY BUG (top-50 cap)
485111,955,2797,342639660,58,58,56,50,48,0,86.21,23,0,0,QUERY BUG (top-50 cap)
483212,952,1460,26039569,92,92,81,50,42,0,54.35,26,3,4,QUERY BUG (top-50 cap)
513120,950,1818,175239434,297,297,263,50,46,0,16.84,37,17,53,QUERY BUG (top-50 cap)
532299,949,1486,24155839,276,276,247,50,39,0,18.12,46,23,56,QUERY BUG (top-50 cap)
522310,935,4497,361946166,70,70,69,50,49,0,71.43,26,4,4,QUERY BUG (top-50 cap)
922190,934,2864,3440471401,300,300,292,50,50,0,16.67,49,23,69,QUERY BUG (top-50 cap)
221121,925,1814,343381716,288,288,231,50,42,0,17.36,44,15,47,QUERY BUG (top-50 cap)
332431,925,1155,8246757,105,105,99,50,46,0,47.62,32,12,18,QUERY BUG (top-50 cap)
451110,918,1614,17276434,273,273,265,50,49,0,18.32,47,26,76,QUERY BUG (top-50 cap)
423320,912,1342,53513453,222,222,145,50,21,0,22.52,38,25,56,QUERY BUG (top-50 cap)
721214,908,1301,45182251,268,268,258,50,50,0,18.66,50,23,80,QUERY BUG (top-50 cap)
423810,903,1398,35968519,292,292,231,50,34,0,17.12,47,27,89,QUERY BUG (top-50 cap)
813312,902,1857,175205974,499,499,474,50,49,0,10.02,52,26,150,QUERY BUG (top-50 cap)
621320,898,2356,89342814,171,171,166,50,50,0,29.24,43,18,43,QUERY BUG (top-50 cap)
481111,888,4323,210497679,130,130,114,50,45,0,38.46,40,15,24,QUERY BUG (top-50 cap)
335131,884,1145,10354940,167,167,165,50,49,0,29.94,32,12,20,QUERY BUG (top-50 cap)
452990,877,1054,42212402,106,106,92,50,40,0,47.17,32,11,13,QUERY BUG (top-50 cap)
611210,873,1955,186244274,135,135,134,50,50,0,37.04,39,14,29,QUERY BUG (top-50 cap)
331512,859,975,13275743,148,148,146,50,48,0,33.78,30,12,21,QUERY BUG (top-50 cap)
324121,859,1452,100766338,306,306,256,50,41,0,16.34,46,21,58,QUERY BUG (top-50 cap)
327213,852,1008,7368191,143,143,142,50,50,0,34.97,30,8,9,QUERY BUG (top-50 cap)
321213,846,943,14848651,69,69,66,50,47,0,72.46,29,4,4,QUERY BUG (top-50 cap)
337110,842,973,8665574,176,176,150,50,33,0,28.41,42,20,39,QUERY BUG (top-50 cap)
811420,839,1280,15771006,235,235,199,50,35,0,21.28,44,22,61,QUERY BUG (top-50 cap)
488210,838,1764,125811153,143,143,115,50,41,0,34.97,37,14,25,QUERY BUG (top-50 cap)
311710,828,1543,1914398469,101,101,100,50,50,0,49.50,23,6,7,QUERY BUG (top-50 cap)
524298,826,2615,1000704170,149,149,127,50,42,0,33.56,35,15,31,QUERY BUG (top-50 cap)
518111,817,3525,120432545,49,49,48,49,48,0,100.00,17,0,0,OK
333132,814,1284,37408015,213,213,190,50,43,0,23.47,43,19,32,QUERY BUG (top-50 cap)
332117,805,1035,36757164,195,195,191,50,48,0,25.64,38,16,28,QUERY BUG (top-50 cap)
541922,792,1649,112472102,259,259,248,50,47,0,19.31,43,17,39,QUERY BUG (top-50 cap)
532210,782,2438,99560773,227,227,176,50,43,0,22.03,37,16,27,QUERY BUG (top-50 cap)
323119,778,1412,6302219,60,60,55,50,46,0,83.33,21,0,0,QUERY BUG (top-50 cap)
333243,767,944,23846236,290,290,256,50,44,0,17.24,42,20,50,QUERY BUG (top-50 cap)
311212,767,1474,910808992,43,43,43,42,42,0,97.67,17,0,0,OK
331523,766,1049,14431779,220,220,216,50,50,0,22.73,38,17,37,QUERY BUG (top-50 cap)
486990,761,866,3279691,153,153,152,50,49,0,32.68,29,8,18,QUERY BUG (top-50 cap)
711219,760,1800,43565715,149,149,132,50,39,0,33.56,40,19,35,QUERY BUG (top-50 cap)
238120,760,1716,379767481,456,456,372,50,40,0,10.96,49,27,139,QUERY BUG (top-50 cap)
315110,759,1260,76619619,34,34,33,34,33,0,100.00,17,0,0,OK
524113,755,1504,97418199,42,42,9,42,9,0,100.00,7,0,0,OK
423390,754,1144,28699306,322,322,231,50,19,0,15.53,44,32,138,QUERY BUG (top-50 cap)
321991,751,1781,1358744834,225,225,214,50,48,0,22.22,43,22,59,QUERY BUG (top-50 cap)
922140,745,2602,497390454,213,213,213,50,50,0,23.47,45,20,61,QUERY BUG (top-50 cap)
448190,742,1497,14246379,211,211,204,50,49,0,23.70,41,15,38,QUERY BUG (top-50 cap)
541490,736,1490,57580995,369,369,347,50,47,0,13.55,43,20,86,QUERY BUG (top-50 cap)
448110,728,991,53409275,103,103,97,50,45,0,48.54,30,10,14,QUERY BUG (top-50 cap)
488410,725,1401,20418050,198,198,188,50,45,0,25.25,45,20,48,QUERY BUG (top-50 cap)
441320,719,884,6019317,149,149,142,50,47,0,33.56,40,15,30,QUERY BUG (top-50 cap)
311824,699,1313,423870467,81,81,81,50,50,0,61.73,26,6,9,QUERY BUG (top-50 cap)
424320,698,1349,749084103,108,108,102,50,49,0,46.30,32,11,18,QUERY BUG (top-50 cap)
512191,692,1418,46806351,235,235,220,50,46,0,21.28,37,19,42,QUERY BUG (top-50 cap)
313240,687,716,64667454,51,51,49,50,48,0,98.04,24,1,1,QUERY BUG (top-50 cap)
515111,685,1768,93717207,220,220,178,50,37,0,22.73,39,18,58,QUERY BUG (top-50 cap)
211112,675,935,2580009,45,45,39,45,39,0,100.00,24,0,0,OK
924110,669,1360,78752032,200,200,184,50,43,0,25.00,45,21,49,QUERY BUG (top-50 cap)
221114,665,1186,134586028,245,245,213,50,43,0,20.41,43,24,50,QUERY BUG (top-50 cap)
211111,664,1628,236965440,58,58,58,50,50,0,86.21,25,2,3,QUERY BUG (top-50 cap)
333131,663,839,21467089,219,219,210,50,49,0,22.83,41,15,35,QUERY BUG (top-50 cap)
327331,656,962,43217486,158,158,123,50,35,0,31.65,40,18,31,QUERY BUG (top-50 cap)
561439,654,1561,75482980,182,182,173,50,50,0,27.47,39,18,33,QUERY BUG (top-50 cap)
483114,642,1516,165088872,172,172,169,50,48,0,29.07,28,10,17,QUERY BUG (top-50 cap)
512120,641,1199,75847655,81,81,76,50,49,0,61.73,21,4,6,QUERY BUG (top-50 cap)
522320,635,2157,781211554,137,137,116,50,44,0,36.50,32,10,21,QUERY BUG (top-50 cap)
443141,630,818,8978243,112,112,79,50,32,0,44.64,30,12,16,QUERY BUG (top-50 cap)
453220,625,769,5920707,76,76,76,50,50,0,65.79,28,7,9,QUERY BUG (top-50 cap)
519110,625,1927,117285496,98,98,92,50,47,0,51.02,25,8,11,QUERY BUG (top-50 cap)
325110,625,799,5712501,194,194,187,50,50,0,25.77,39,14,30,QUERY BUG (top-50 cap)
322231,622,757,3403580,12,12,11,12,11,0,100.00,9,0,0,OK
331492,621,804,76764333,124,124,122,50,49,0,40.32,32,13,25,QUERY BUG (top-50 cap)
611692,617,1649,161506814,135,135,123,50,46,0,37.04,35,17,27,QUERY BUG (top-50 cap)
812220,614,1819,107790182,81,81,81,50,50,0,61.73,34,6,7,QUERY BUG (top-50 cap)
711310,613,987,63693425,222,222,208,50,42,0,22.52,46,28,62,QUERY BUG (top-50 cap)
311412,612,886,30964802,88,88,86,50,50,0,56.82,29,7,8,QUERY BUG (top-50 cap)
713930,606,1110,36956098,154,154,150,50,50,0,32.47,40,18,33,QUERY BUG (top-50 cap)
561311,604,1860,196524555,185,185,175,50,50,0,27.03,38,17,44,QUERY BUG (top-50 cap)
333411,599,993,32282041,30,30,29,30,29,0,100.00,17,0,0,OK
333242,596,998,138320538,204,204,192,50,46,0,24.51,33,18,38,QUERY BUG (top-50 cap)
513130,595,1044,63008481,193,193,185,50,48,0,25.91,37,18,40,QUERY BUG (top-50 cap)
611513,585,1652,394600518,161,161,160,50,50,0,31.06,39,20,42,QUERY BUG (top-50 cap)
111940,585,1103,54221895,166,166,166,50,50,0,30.12,32,15,28,QUERY BUG (top-50 cap)
611691,579,1430,222031861,114,114,110,50,45,0,43.86,32,10,16,QUERY BUG (top-50 cap)
326160,565,775,15283303,122,122,118,50,49,0,40.98,33,9,10,QUERY BUG (top-50 cap)
325991,561,857,42953659,130,130,129,50,50,0,38.46,33,12,22,QUERY BUG (top-50 cap)
315228,560,791,25953459,40,40,40,40,40,0,100.00,21,0,0,OK
322212,557,715,9754068,91,91,85,50,45,0,54.95,31,7,8,QUERY BUG (top-50 cap)
327993,555,652,98283054,102,102,101,50,49,0,49.02,31,11,24,QUERY BUG (top-50 cap)
311230,552,1169,387422070,59,59,59,50,50,0,84.75,25,3,3,QUERY BUG (top-50 cap)
447110,546,966,8011170,42,42,33,42,33,0,100.00,21,0,0,OK
811192,542,1286,17461074,121,121,73,50,29,0,41.32,28,11,19,QUERY BUG (top-50 cap)
624410,541,904,69836961,111,111,111,50,50,0,45.05,41,13,18,QUERY BUG (top-50 cap)
335224,538,758,18988646,130,130,96,50,29,0,38.46,33,18,26,QUERY BUG (top-50 cap)
311111,532,633,28805491,48,48,44,48,44,0,100.00,24,0,0,OK
311920,527,974,14450083,43,43,42,43,42,0,100.00,20,0,0,OK
525120,525,973,112943434,71,71,51,50,37,0,70.42,22,2,2,QUERY BUG (top-50 cap)
541214,523,1433,168056703,72,72,62,50,41,0,69.44,21,2,2,QUERY BUG (top-50 cap)
541840,517,1122,28775001,180,180,160,50,40,0,27.78,37,20,37,QUERY BUG (top-50 cap)
926120,510,1259,11114421,107,107,95,50,43,0,46.73,33,9,10,QUERY BUG (top-50 cap)
323120,509,973,49495946,194,194,164,50,46,0,25.77,35,16,23,QUERY BUG (top-50 cap)
339930,508,1245,45356516,146,146,143,50,49,0,34.25,36,10,20,QUERY BUG (top-50 cap)
611110,505,1054,466202864,178,178,168,50,46,0,28.09,42,15,32,QUERY BUG (top-50 cap)
516210,504,1138,57110857,210,210,188,50,47,0,23.81,37,15,26,QUERY BUG (top-50 cap)
332995,503,851,163985036,167,167,155,50,49,0,29.94,35,12,22,QUERY BUG (top-50 cap)
113310,501,1049,71025099,237,237,233,50,49,0,21.10,41,26,71,QUERY BUG (top-50 cap)
926150,498,1001,33530206,227,227,208,50,38,0,22.03,50,27,56,QUERY BUG (top-50 cap)
522110,493,2411,1689757252,62,62,59,50,47,0,80.65,24,4,4,QUERY BUG (top-50 cap)
327111,481,854,2383411,8,8,8,8,8,0,100.00,7,0,0,OK
315120,481,756,106060450,60,60,57,50,48,0,83.33,24,3,3,QUERY BUG (top-50 cap)
335221,478,579,10274320,137,137,116,50,40,0,36.50,27,8,21,QUERY BUG (top-50 cap)
327120,476,588,4627441,141,141,138,50,48,0,35.46,36,13,23,QUERY BUG (top-50 cap)
325314,472,716,93868002,108,108,108,50,50,0,46.30,32,7,12,QUERY BUG (top-50 cap)
336510,466,759,133316924,155,155,147,50,46,0,32.26,36,12,23,QUERY BUG (top-50 cap)
339914,466,467,822438,7,7,7,7,7,0,100.00,7,0,0,OK
493120,465,1568,3212530300,164,164,144,50,47,0,30.49,33,9,19,QUERY BUG (top-50 cap)
321918,464,823,19308649,202,202,191,50,47,0,24.75,43,17,54,QUERY BUG (top-50 cap)
337212,462,1014,74141065,158,158,151,50,48,0,31.65,37,15,33,QUERY BUG (top-50 cap)
711320,458,762,74419464,176,176,167,50,46,0,28.41,44,23,49,QUERY BUG (top-50 cap)
112120,455,904,13511811,77,77,77,50,50,0,64.94,29,4,7,QUERY BUG (top-50 cap)
517212,451,519,-33960,56,56,53,50,47,0,89.29,21,1,1,QUERY BUG (top-50 cap)
315211,444,635,265596666,61,61,59,50,48,0,81.97,23,2,4,QUERY BUG (top-50 cap)
423220,443,657,12817523,170,170,133,50,33,0,29.41,31,13,27,QUERY BUG (top-50 cap)
424990,441,597,9283791,182,182,167,50,44,0,27.47,39,17,33,QUERY BUG (top-50 cap)
112310,437,706,13746631,54,54,54,50,50,0,92.59,27,2,2,QUERY BUG (top-50 cap)
924120,434,847,94328287,143,143,137,50,47,0,34.97,42,15,37,QUERY BUG (top-50 cap)
316211,433,822,20248942,9,9,9,9,9,0,100.00,7,0,0,OK
321911,432,687,12465186,190,190,172,50,47,0,26.32,41,18,47,QUERY BUG (top-50 cap)
519210,428,904,120036297,176,176,163,50,48,0,28.41,31,6,16,QUERY BUG (top-50 cap)
721199,427,769,18159819,133,133,118,50,44,0,37.59,42,14,20,QUERY BUG (top-50 cap)
111421,427,761,18385909,193,193,188,50,49,0,25.91,44,20,48,QUERY BUG (top-50 cap)
561431,426,1296,185951299,86,86,80,50,48,0,58.14,31,9,11,QUERY BUG (top-50 cap)
445110,425,571,14215505,78,78,75,50,47,0,64.10,26,6,8,QUERY BUG (top-50 cap)
322120,412,459,29800342,72,72,67,50,47,0,69.44,28,5,7,QUERY BUG (top-50 cap)
441210,410,608,49849518,217,217,215,50,49,0,23.04,44,22,66,QUERY BUG (top-50 cap)
336399,409,555,5019901,83,83,77,50,47,0,60.24,27,5,7,QUERY BUG (top-50 cap)
311224,408,590,578805122,58,58,58,50,50,0,86.21,28,1,1,QUERY BUG (top-50 cap)
485112,400,1296,28083671,7,7,6,7,6,0,100.00,5,0,0,OK
424610,399,437,2660306,86,86,84,50,49,0,58.14,27,8,9,QUERY BUG (top-50 cap)
561440,398,3692,3834992275,126,126,116,50,43,0,39.68,41,15,23,QUERY BUG (top-50 cap)
523999,397,1795,1472041287,107,107,103,50,50,0,46.73,29,10,15,QUERY BUG (top-50 cap)
112920,395,603,25729628,166,166,165,50,49,0,30.12,34,8,18,QUERY BUG (top-50 cap)
112420,395,565,17962634,26,26,26,26,26,0,100.00,15,0,0,OK
712120,392,1037,72187716,161,161,157,50,47,0,31.06,41,18,34,QUERY BUG (top-50 cap)
483211,390,865,498264846,124,124,118,50,47,0,40.32,35,15,18,QUERY BUG (top-50 cap)
531312,389,984,195084922,147,147,144,50,49,0,34.01,38,12,18,QUERY BUG (top-50 cap)
532284,381,692,25267739,189,189,166,50,39,0,26.46,39,15,29,QUERY BUG (top-50 cap)
316110,380,401,15604520,52,52,48,50,46,0,96.15,23,0,0,QUERY BUG (top-50 cap)
541921,375,716,16174262,93,93,79,50,40,0,53.76,27,3,3,QUERY BUG (top-50 cap)
448210,375,684,162493384,77,77,73,50,46,0,64.94,34,10,13,QUERY BUG (top-50 cap)
721310,375,696,58503824,79,79,70,50,44,0,63.29,32,9,10,QUERY BUG (top-50 cap)
453920,372,603,11799389,208,208,203,50,49,0,24.04,33,17,29,QUERY BUG (top-50 cap)
311340,369,488,685114669,16,16,9,16,9,0,100.00,8,0,0,OK
813990,368,705,46551246,149,149,142,50,46,0,33.56,41,19,35,QUERY BUG (top-50 cap)
522390,366,4603,12226222076,68,68,67,50,50,0,73.53,29,4,4,QUERY BUG (top-50 cap)
442210,365,487,5413036,157,157,144,50,45,0,31.85,43,16,31,QUERY BUG (top-50 cap)
311811,364,557,3211632,41,41,39,41,39,0,100.00,23,0,0,OK
813410,363,609,8602107,179,179,167,50,47,0,27.93,42,21,44,QUERY BUG (top-50 cap)
624110,362,805,2509378936,143,143,137,50,47,0,34.97,39,13,25,QUERY BUG (top-50 cap)
541870,360,585,7006238,136,136,124,50,43,0,36.76,34,15,27,QUERY BUG (top-50 cap)
423820,360,432,7216659,255,255,241,50,44,0,19.61,50,23,62,QUERY BUG (top-50 cap)
322232,358,463,2484224,5,5,5,5,5,0,100.00,4,0,0,OK
238340,351,585,28828449,165,165,141,50,45,0,30.30,42,18,33,QUERY BUG (top-50 cap)
212391,349,350,525948,5,5,5,5,5,0,100.00,5,0,0,OK
722511,348,465,9849326,104,104,99,50,47,0,48.08,34,9,11,QUERY BUG (top-50 cap)
236115,348,810,336937764,153,153,108,50,40,0,32.68,43,13,21,QUERY BUG (top-50 cap)
323115,348,559,389520,26,26,26,26,26,0,100.00,15,0,0,OK
424310,347,398,3359998,39,39,39,39,39,0,100.00,21,0,0,OK
921110,343,841,74042937,132,132,128,50,46,0,37.88,48,20,37,QUERY BUG (top-50 cap)
524126,341,788,49648440,67,67,40,50,30,0,74.63,21,5,6,QUERY BUG (top-50 cap)
311930,340,421,9098283,24,24,20,24,20,0,100.00,15,0,0,OK
333511,332,488,31940529,157,157,151,50,48,0,31.85,41,14,32,QUERY BUG (top-50 cap)
333518,330,401,11709097,20,20,20,20,20,0,100.00,14,0,0,OK
532282,330,427,3947624,29,29,24,28,24,0,96.55,14,0,0,OK
334113,329,680,169050400,17,17,17,17,17,0,100.00,10,0,0,OK
315190,327,495,34392159,119,119,116,50,48,0,42.02,31,8,15,QUERY BUG (top-50 cap)
484122,327,497,30448004,84,84,60,50,32,0,59.52,28,8,11,QUERY BUG (top-50 cap)
443130,326,599,4392086,64,64,63,50,49,0,78.13,20,1,1,QUERY BUG (top-50 cap)
423130,324,445,9448015,110,110,96,50,43,0,45.45,30,8,17,QUERY BUG (top-50 cap)
443112,322,525,2940883,101,101,93,50,44,0,49.50,31,9,14,QUERY BUG (top-50 cap)
424470,319,548,9105270,68,68,68,50,50,0,73.53,24,5,8,QUERY BUG (top-50 cap)
449210,314,392,6904006,130,130,115,50,43,0,38.46,34,11,14,QUERY BUG (top-50 cap)
114210,313,585,9688557,90,90,88,50,49,0,55.56,38,9,12,QUERY BUG (top-50 cap)
513110,313,632,14391757,73,73,64,50,45,0,68.49,19,4,4,QUERY BUG (top-50 cap)
511140,312,764,72497264,79,79,75,50,47,0,63.29,24,2,2,QUERY BUG (top-50 cap)
238170,310,571,30001871,218,218,210,50,48,0,22.94,50,22,51,QUERY BUG (top-50 cap)
327212,307,491,27879376,136,136,130,50,49,0,36.76,34,10,20,QUERY BUG (top-50 cap)
444210,307,426,17331242,147,147,143,50,47,0,34.01,42,20,28,QUERY BUG (top-50 cap)
112511,306,514,35257049,81,81,79,50,49,0,61.73,30,6,6,QUERY BUG (top-50 cap)
212393,304,608,10892387,68,68,66,50,48,0,73.53,29,1,1,QUERY BUG (top-50 cap)
316990,302,359,12173971,100,100,97,50,48,0,50.00,30,10,16,QUERY BUG (top-50 cap)
813319,300,599,58137034,153,153,143,50,45,0,32.68,35,13,25,QUERY BUG (top-50 cap)
316213,298,660,61696652,24,24,24,24,24,0,100.00,17,0,0,OK
331111,295,350,7262799,30,30,30,30,30,0,100.00,18,0,0,OK
311422,294,655,589705721,40,40,40,39,39,0,97.50,20,0,0,OK
336213,294,443,12308379,78,78,60,50,35,0,64.10,25,8,13,QUERY BUG (top-50 cap)
238130,292,534,19608712,182,182,170,50,46,0,27.47,39,17,34,QUERY BUG (top-50 cap)
454390,291,557,6136529,135,135,130,50,49,0,37.04,36,8,16,QUERY BUG (top-50 cap)
928110,289,1009,2030654434,106,106,93,50,40,0,47.17,28,9,13,QUERY BUG (top-50 cap)
236116,282,1034,2813053293,94,94,65,50,40,0,53.19,35,9,11,QUERY BUG (top-50 cap)
454111,281,411,2017374,98,98,97,50,50,0,51.02,28,5,10,QUERY BUG (top-50 cap)
483113,278,687,599911702,107,107,100,50,45,0,46.73,27,8,8,QUERY BUG (top-50 cap)
441227,278,382,35333826,124,124,88,50,29,0,40.32,36,17,35,QUERY BUG (top-50 cap)
923130,278,688,65781898,84,84,79,50,46,0,59.52,32,8,11,QUERY BUG (top-50 cap)
315991,277,311,2012751,12,12,12,12,12,0,100.00,9,0,0,OK
515112,274,572,10324822,126,126,110,50,41,0,39.68,33,15,22,QUERY BUG (top-50 cap)
454312,271,686,11520578,41,41,38,38,35,0,92.68,21,1,1,IDENTITY RESOLUTION (rollup groups by name, keeps 1 UEI)
811114,270,406,13870948,177,177,172,50,50,0,28.25,42,15,35,QUERY BUG (top-50 cap)
332811,270,544,17668225,107,107,102,50,46,0,46.73,30,7,12,QUERY BUG (top-50 cap)
424340,269,392,6565355,103,103,98,50,46,0,48.54,34,10,13,QUERY BUG (top-50 cap)
485210,266,512,20029622,64,64,38,50,29,0,78.13,21,2,2,QUERY BUG (top-50 cap)
513199,262,534,65252867,117,117,105,50,49,0,42.74,25,1,1,QUERY BUG (top-50 cap)
424350,261,336,22313372,81,81,70,50,42,0,61.73,27,2,2,QUERY BUG (top-50 cap)
311919,258,396,11110225,65,65,61,50,47,0,76.92,27,5,5,QUERY BUG (top-50 cap)
459999,258,322,3855260,57,57,55,50,48,0,87.72,22,2,2,QUERY BUG (top-50 cap)
524291,253,634,80837710,27,27,23,27,23,0,100.00,18,0,0,OK
315239,252,262,1787258,5,5,5,5,5,0,100.00,4,0,0,OK
721120,251,405,11476773,110,110,102,50,49,0,45.45,35,12,20,QUERY BUG (top-50 cap)
488111,249,1618,3050101782,81,81,76,50,47,0,61.73,26,5,10,QUERY BUG (top-50 cap)
451140,246,300,5802376,74,74,73,50,49,0,67.57,26,6,8,QUERY BUG (top-50 cap)
561422,245,1775,8959399048,91,91,91,50,50,0,54.95,27,7,9,QUERY BUG (top-50 cap)
921140,245,328,1662015,11,11,11,11,11,0,100.00,11,0,0,OK
327211,244,350,25084224,97,97,96,50,50,0,51.55,35,10,12,QUERY BUG (top-50 cap)
449110,239,329,8532902,107,107,73,50,29,0,46.73,31,14,19,QUERY BUG (top-50 cap)
444220,239,317,5876280,87,87,83,50,48,0,57.47,32,5,8,QUERY BUG (top-50 cap)
444120,237,309,3269858,45,45,41,33,29,0,73.33,24,6,7,IDENTITY RESOLUTION (rollup groups by name, keeps 1 UEI)
335228,236,441,11297981,95,95,71,50,30,0,52.63,32,14,18,QUERY BUG (top-50 cap)
512290,234,464,115050857,116,116,107,50,43,0,43.10,27,9,22,QUERY BUG (top-50 cap)
441221,233,393,2024572,62,62,62,50,50,0,80.65,27,3,3,QUERY BUG (top-50 cap)
811113,232,333,3357807,155,155,152,50,47,0,32.26,45,21,39,QUERY BUG (top-50 cap)
622310,230,695,62990491,78,78,72,50,48,0,64.10,29,7,8,QUERY BUG (top-50 cap)
622210,229,502,19425569,76,76,74,50,48,0,65.79,24,4,4,QUERY BUG (top-50 cap)
327122,229,275,1826318,4,4,4,4,4,0,100.00,4,0,0,OK
424430,227,447,5658538,78,78,76,50,49,0,64.10,32,8,11,QUERY BUG (top-50 cap)
927110,227,818,841301010,151,151,141,50,50,0,33.11,30,14,23,QUERY BUG (top-50 cap)
314121,227,617,4002885,32,32,32,30,30,0,93.75,20,1,1,IDENTITY RESOLUTION (rollup groups by name, keeps 1 UEI)
711190,226,325,9638540,56,56,46,50,40,0,89.29,23,4,4,QUERY BUG (top-50 cap)
331511,224,291,4924038,112,112,107,50,49,0,44.64,32,7,10,QUERY BUG (top-50 cap)
321215,223,287,7275414,29,29,28,29,28,0,100.00,19,0,0,OK
447190,223,521,3362588,44,44,34,44,34,0,100.00,25,0,0,OK
212311,222,360,44261683,79,79,79,50,50,0,63.29,32,11,16,QUERY BUG (top-50 cap)
532292,217,311,5664980,107,107,102,50,45,0,46.73,34,11,11,QUERY BUG (top-50 cap)
424910,217,278,4116211,113,113,110,50,49,0,44.25,36,10,18,QUERY BUG (top-50 cap)
112210,217,384,3683872,33,33,31,33,31,0,100.00,17,0,0,OK
333412,217,344,3352881,20,20,20,20,20,0,100.00,11,0,0,OK
512199,216,413,15848866,93,93,89,50,47,0,53.76,25,2,4,QUERY BUG (top-50 cap)
722330,215,312,11901460,88,88,83,50,46,0,56.82,28,6,9,QUERY BUG (top-50 cap)
541340,215,473,14344200,101,101,94,50,46,0,49.50,33,9,13,QUERY BUG (top-50 cap)
325130,215,299,23344977,78,78,75,50,47,0,64.10,26,5,6,QUERY BUG (top-50 cap)
458110,213,345,6652279,99,99,91,50,45,0,50.51,37,14,20,QUERY BUG (top-50 cap)
454113,213,398,2564580,27,27,22,27,22,0,100.00,15,0,0,OK
524127,209,369,1241462,77,77,76,50,50,0,64.94,28,4,4,QUERY BUG (top-50 cap)
332211,209,318,597109,9,9,9,9,9,0,100.00,7,0,0,OK
523930,206,1017,280960320,81,81,76,50,46,0,61.73,21,7,11,QUERY BUG (top-50 cap)
722514,206,396,10607861,66,66,63,50,49,0,75.76,25,1,1,QUERY BUG (top-50 cap)
512240,199,302,5183337,80,80,72,50,44,0,62.50,27,7,7,QUERY BUG (top-50 cap)
112930,198,372,5584998,25,25,25,24,24,0,96.00,13,1,1,IDENTITY RESOLUTION (rollup groups by name, keeps 1 UEI)
221111,195,402,178520085,103,103,93,50,45,0,48.54,33,9,14,QUERY BUG (top-50 cap)
442291,193,309,3248505,58,58,53,50,46,0,86.21,29,3,4,QUERY BUG (top-50 cap)
424460,193,229,1630925,26,26,26,26,26,0,100.00,12,0,0,OK
311830,192,295,31706954,31,31,31,31,31,0,100.00,17,0,0,OK
921150,192,407,11613654,61,61,61,50,50,0,81.97,22,2,3,QUERY BUG (top-50 cap)
325188,187,218,61729173,40,40,40,40,40,0,100.00,22,0,0,OK
321219,186,234,14673275,60,60,58,50,48,0,83.33,27,5,5,QUERY BUG (top-50 cap)
455219,184,203,1439409,47,47,42,46,42,0,97.87,21,0,0,OK
516120,182,361,12467772,65,65,60,50,46,0,76.92,27,4,4,QUERY BUG (top-50 cap)
454110,180,270,15756281,38,38,37,38,37,0,100.00,20,0,0,OK
486910,180,533,1210581646,26,26,22,26,22,0,100.00,16,0,0,OK
451211,179,257,2026477,77,77,75,50,49,0,64.94,27,3,3,QUERY BUG (top-50 cap)
327410,179,344,4061580,15,15,14,15,14,0,100.00,11,0,0,OK
512230,177,416,4135748,51,51,43,50,42,0,98.04,17,1,1,QUERY BUG (top-50 cap)
541420,176,703,59029855,117,117,111,50,45,0,42.74,29,9,14,QUERY BUG (top-50 cap)
213115,174,392,14531384,42,42,39,42,39,0,100.00,21,0,0,OK
926140,173,263,18449838,82,82,79,50,47,0,60.98,37,10,21,QUERY BUG (top-50 cap)
811191,172,449,-193480,35,35,23,35,23,0,100.00,15,0,0,OK
311941,172,249,1945216,36,36,36,36,36,0,100.00,18,0,0,OK
452910,172,242,2350440,29,29,28,29,28,0,100.00,16,0,0,OK
483112,171,577,257407570,97,97,88,50,43,0,51.55,26,7,13,QUERY BUG (top-50 cap)
423930,171,410,11556364,74,74,72,50,49,0,67.57,32,4,4,QUERY BUG (top-50 cap)
452319,170,246,9942642,58,58,50,50,43,0,86.21,23,4,5,QUERY BUG (top-50 cap)
423140,169,257,3202096,55,55,40,50,35,0,90.91,21,2,2,QUERY BUG (top-50 cap)
311613,168,685,12919319,36,36,36,36,36,0,100.00,21,0,0,OK
333512,168,397,7518643,29,29,29,29,29,0,100.00,21,0,0,OK
813930,168,285,4862262,47,47,34,47,34,0,100.00,17,0,0,OK
561312,168,728,47854526,64,64,60,50,47,0,78.13,26,3,4,QUERY BUG (top-50 cap)
315234,166,284,4012333,4,4,4,4,4,0,100.00,4,0,0,OK
111150,165,229,12686310,63,63,60,50,48,0,79.37,24,5,6,QUERY BUG (top-50 cap)
442299,164,281,5703549,56,56,47,50,42,0,89.29,23,0,0,QUERY BUG (top-50 cap)
524128,163,348,38907245,46,46,36,46,36,0,100.00,19,0,0,OK
516110,163,304,22597466,55,55,47,50,42,0,90.91,21,1,1,QUERY BUG (top-50 cap)
316214,161,353,4492348,3,3,3,3,3,0,100.00,3,0,0,OK
722513,154,271,1861418,58,58,58,50,50,0,86.21,26,1,2,QUERY BUG (top-50 cap)
926110,152,496,68356780,57,57,52,50,47,0,87.72,26,3,3,QUERY BUG (top-50 cap)
115113,148,238,6490494,35,35,35,35,35,0,100.00,23,0,0,OK
711211,147,260,7856058,74,74,72,50,48,0,67.57,27,2,3,QUERY BUG (top-50 cap)
813219,147,546,16930143,56,56,30,50,27,0,89.29,17,1,1,QUERY BUG (top-50 cap)
541830,147,327,85975974,62,62,56,50,45,0,80.65,22,1,1,QUERY BUG (top-50 cap)
621493,146,368,102987691,46,46,45,46,45,0,100.00,23,0,0,OK
327310,140,213,5561135,65,65,56,50,41,0,76.92,28,4,5,QUERY BUG (top-50 cap)
311512,139,249,214990942,27,27,27,27,27,0,100.00,15,0,0,OK
621491,137,263,3626395,29,29,22,30,22,0,103.45,13,0,0,OK
485119,136,259,20230570,22,22,17,22,17,0,100.00,10,0,0,OK
336322,136,151,1962957,34,34,33,34,33,0,100.00,16,0,0,OK
522292,134,166,858512,18,18,18,18,18,0,100.00,12,0,0,OK
424930,134,215,1556161,37,37,34,37,34,0,100.00,20,0,0,OK
221115,134,307,11392572,36,36,36,36,36,0,100.00,20,0,0,OK
611511,133,256,2938681,21,21,21,20,20,0,95.24,14,1,1,IDENTITY RESOLUTION (rollup groups by name, keeps 1 UEI)
445299,133,281,3975933,58,58,57,50,49,0,86.21,30,5,6,QUERY BUG (top-50 cap)
523110,132,948,815170399,56,56,54,50,48,0,89.29,18,0,0,QUERY BUG (top-50 cap)
453910,132,214,3063480,48,48,45,48,45,0,100.00,23,0,0,OK
115115,132,315,11160042,27,27,26,27,26,0,100.00,17,0,0,OK
517122,131,230,5176110,51,51,32,50,32,0,98.04,17,0,0,QUERY BUG (top-50 cap)
423460,129,194,5397275,56,56,54,50,48,0,89.29,24,2,3,QUERY BUG (top-50 cap)
925110,129,346,54325122,26,26,16,26,16,0,100.00,14,0,0,OK
113110,129,242,2250334,51,51,51,50,50,0,98.04,19,1,1,QUERY BUG (top-50 cap)
921130,128,327,16355838,56,56,52,50,47,0,89.29,23,1,1,QUERY BUG (top-50 cap)
111120,125,142,3331623,31,31,26,31,26,0,100.00,16,0,0,OK
482111,125,241,12887430,23,23,17,23,17,0,100.00,14,0,0,OK
212313,125,227,12893396,50,50,50,50,50,0,100.00,26,0,0,QUERY BUG (top-50 cap)
311942,124,203,1464065,32,32,32,31,31,0,96.88,15,1,1,IDENTITY RESOLUTION (rollup groups by name, keeps 1 UEI)
487210,124,209,2319424,64,64,60,50,46,0,78.13,19,0,0,QUERY BUG (top-50 cap)
812199,124,262,5202086,66,66,63,50,47,0,75.76,28,5,5,QUERY BUG (top-50 cap)
523991,123,353,160613100,47,47,47,46,46,0,97.87,17,1,1,IDENTITY RESOLUTION (rollup groups by name, keeps 1 UEI)
441120,121,218,5646807,60,60,56,50,46,0,83.33,31,3,3,QUERY BUG (top-50 cap)
311821,120,259,43535197,32,32,27,32,27,0,100.00,17,0,0,OK
112111,120,204,7020327,59,59,58,50,50,0,84.75,25,2,3,QUERY BUG (top-50 cap)
513310,119,219,15197169,17,17,13,17,13,0,100.00,7,0,0,OK
316219,119,204,1082452,6,6,6,6,6,0,100.00,6,0,0,OK
621391,117,260,4461290,34,34,34,33,33,0,97.06,19,0,0,OK
325220,117,236,226253536,63,63,55,50,42,0,79.37,25,3,4,QUERY BUG (top-50 cap)
525990,116,220,10809552,47,47,32,46,32,0,97.87,17,0,0,OK
457110,115,255,3462695,7,7,3,7,3,0,100.00,3,0,0,OK
711410,114,179,1992005,62,62,61,50,49,0,80.65,22,1,1,QUERY BUG (top-50 cap)
221119,113,323,110361839,63,63,60,50,48,0,79.37,25,3,3,QUERY BUG (top-50 cap)
312120,110,158,5038928,7,7,6,7,6,0,100.00,6,0,0,OK
541860,108,259,15392190,51,51,49,49,47,0,96.08,22,0,0,OK
812310,107,251,3125744,42,42,40,42,40,0,100.00,25,0,0,OK
315225,107,182,12997919,16,16,16,16,16,0,100.00,14,0,0,OK
517211,107,281,920451,13,13,13,13,13,0,100.00,12,0,0,OK
331314,107,142,42233240,47,47,46,46,45,0,97.87,21,0,0,OK
334611,105,155,1939506,76,76,72,50,47,0,65.79,25,4,5,QUERY BUG (top-50 cap)
446130,105,200,8644755,42,42,42,42,42,0,100.00,21,0,0,OK
339995,104,151,3169626,41,41,37,41,37,0,100.00,19,0,0,OK
111422,103,169,2020546,49,49,45,49,45,0,100.00,25,0,0,OK
425110,103,236,38964256,54,54,53,50,49,0,92.59,22,1,1,QUERY BUG (top-50 cap)
712130,103,252,6786713,52,52,51,50,49,0,96.15,22,0,0,QUERY BUG (top-50 cap)
212399,102,130,2623659,38,38,32,37,31,0,97.37,21,0,0,OK
311221,102,144,4377700,18,18,18,18,18,0,100.00,12,0,0,OK
517910,101,804,120017060,55,55,55,50,50,0,90.91,24,0,0,QUERY BUG (top-50 cap)
325311,100,150,16802762,38,38,37,38,37,0,100.00,20,0,0,OK
237210,100,175,11594376,59,59,56,50,47,0,84.75,26,1,1,QUERY BUG (top-50 cap)
339941,99,339,3155531,11,11,11,10,10,0,90.91,8,0,0,OK
334411,99,175,27010327,22,22,22,18,18,0,81.82,10,1,1,IDENTITY RESOLUTION (rollup groups by name, keeps 1 UEI)
424820,98,128,812249,4,4,2,4,2,0,100.00,2,0,0,OK
446191,98,124,1345105,35,35,33,34,32,0,97.14,16,0,0,OK
441330,97,165,1702556,44,44,39,43,38,0,97.73,19,0,0,OK
424520,97,112,980283,36,36,36,36,36,0,100.00,20,0,0,OK
814110,96,180,2966048,29,29,18,29,18,0,100.00,13,0,0,OK
921120,96,251,6928340,51,51,47,50,46,0,98.04,27,0,0,QUERY BUG (top-50 cap)
561591,95,183,2716008,69,69,68,50,49,0,72.46,24,9,10,QUERY BUG (top-50 cap)
453310,95,165,6421089,30,30,30,30,30,0,100.00,17,0,0,OK
487110,95,179,8324009,35,35,31,35,31,0,100.00,16,0,0,OK
813212,95,233,12601555,39,39,38,38,37,0,97.44,19,0,0,OK
114111,94,148,21689290,45,45,44,45,44,0,100.00,18,0,0,OK
454319,94,135,208701,31,31,31,31,31,0,100.00,18,0,0,OK
332114,94,137,6054659,47,47,45,47,45,0,100.00,19,0,0,OK
339943,93,111,1181879,5,5,5,5,5,0,100.00,4,0,0,OK
111219,93,147,2366264,32,32,24,32,24,0,100.00,15,0,0,OK
326212,93,183,1322465,37,37,32,37,32,0,100.00,21,0,0,OK
451212,92,167,1339323,24,24,21,24,21,0,100.00,10,0,0,OK
925120,92,182,16409079,29,29,29,28,28,0,96.55,18,0,0,OK
452311,91,173,2293879,25,25,19,25,19,0,100.00,14,0,0,OK
312140,91,117,1819383,29,29,23,29,23,0,100.00,14,0,0,OK
315119,90,154,2783234,3,3,3,3,3,0,100.00,3,0,0,OK
331513,88,157,10238689,51,51,50,50,49,0,98.04,24,0,0,QUERY BUG (top-50 cap)
327332,86,150,3646998,59,59,54,50,46,0,84.75,27,2,2,QUERY BUG (top-50 cap)
325193,86,114,611693,31,31,31,31,31,0,100.00,18,0,0,OK
541213,85,199,4559497,23,23,16,23,16,0,100.00,14,0,0,OK
322130,83,102,3467900,36,36,33,36,33,0,100.00,21,0,0,OK
721191,82,115,10503910,23,23,23,23,23,0,100.00,16,0,0,OK
711110,82,171,3909963,51,51,47,50,46,0,98.04,21,0,0,QUERY BUG (top-50 cap)
451130,82,111,391269,36,36,33,36,33,0,100.00,20,0,0,OK
453930,81,121,1855341,38,38,36,37,35,0,97.37,17,0,0,OK
213111,81,157,10138118,48,48,44,48,44,0,100.00,30,0,0,OK
512210,81,133,1692833,33,33,31,33,31,0,100.00,16,0,0,OK
456110,79,174,9163821,20,20,20,20,20,0,100.00,12,0,0,OK
322122,78,129,1342728,36,36,33,36,33,0,100.00,16,0,0,OK
624210,78,169,9319992,36,36,29,36,29,0,100.00,21,0,0,OK
332116,77,129,48722556,13,13,13,13,13,0,100.00,12,0,0,OK
326192,77,138,990286,12,12,12,12,12,0,100.00,9,0,0,OK
325613,76,188,963314,44,44,43,44,43,0,100.00,21,0,0,OK
111199,76,132,1975454,48,48,45,48,45,0,100.00,25,0,0,OK
522190,74,192,1090798,6,6,6,6,6,0,100.00,6,0,0,OK
336321,73,117,2706552,35,35,35,35,35,0,100.00,19,0,0,OK
339932,73,247,830930,14,14,14,14,14,0,100.00,7,0,0,OK
211120,73,136,19554144,52,52,48,50,46,0,96.15,22,1,1,QUERY BUG (top-50 cap)
517310,73,1284,5321802818,34,34,34,34,34,0,100.00,15,0,0,OK
523920,72,1129,916552784,52,52,48,50,46,0,96.15,17,0,0,QUERY BUG (top-50 cap)
811112,72,134,1925699,50,50,46,50,46,0,100.00,21,0,0,QUERY BUG (top-50 cap)
532230,72,121,923654,21,21,21,19,19,0,90.48,15,2,2,IDENTITY RESOLUTION (rollup groups by name, keeps 1 UEI)
611410,71,305,22948395,28,28,27,27,26,0,96.43,16,1,1,IDENTITY RESOLUTION (rollup groups by name, keeps 1 UEI)
311352,70,90,8016529,7,7,7,7,7,0,100.00,6,0,0,OK
459110,69,84,3765214,32,32,24,31,23,0,96.88,16,1,1,IDENTITY RESOLUTION (rollup groups by name, keeps 1 UEI)
513390,68,85,26175,11,11,11,11,11,0,100.00,8,0,0,OK
454112,67,239,24749820,15,15,14,15,14,0,100.00,11,0,0,OK
922110,65,169,2410077,26,26,26,26,26,0,100.00,16,0,0,OK
722410,65,102,530175,6,6,2,5,2,0,83.33,2,0,0,OK
312130,64,91,1165451,12,12,10,12,10,0,100.00,7,0,0,OK
813211,64,90,3005451,30,30,30,30,30,0,100.00,17,0,0,OK
311314,63,102,1958797,20,20,18,20,18,0,100.00,13,0,0,OK
621310,62,193,9127407,27,27,27,25,25,0,92.59,16,1,1,IDENTITY RESOLUTION (rollup groups by name, keeps 1 UEI)
424510,62,96,8262093,35,35,35,35,35,0,100.00,20,0,0,OK
333513,61,112,3629749,12,12,12,12,12,0,100.00,9,0,0,OK
424590,61,64,3378840,30,30,30,30,30,0,100.00,17,0,0,OK
561520,61,188,28823878,36,36,29,33,26,0,91.67,15,0,0,OK
441340,60,73,2772962,19,19,15,16,12,0,84.21,12,1,1,IDENTITY RESOLUTION (rollup groups by name, keeps 1 UEI)
459920,60,69,3852764,43,43,40,43,40,0,100.00,9,0,0,OK
811122,60,111,953954,39,39,37,39,37,0,100.00,23,0,0,OK
441229,60,63,224855,43,43,40,43,40,0,100.00,25,0,0,OK
115116,58,100,7978292,39,39,39,39,39,0,100.00,24,0,0,OK
533110,58,165,13954370,33,33,32,33,32,0,100.00,16,0,0,OK
323110,57,88,178922,25,25,25,25,25,0,100.00,11,0,0,OK
111335,56,95,58600671,15,15,14,15,14,0,100.00,9,0,0,OK
454311,56,58,-74687,25,25,25,25,25,0,100.00,16,0,0,OK
523940,54,150,53551361,44,44,38,38,32,0,86.36,16,2,2,IDENTITY RESOLUTION (rollup groups by name, keeps 1 UEI)
313249,54,100,34305,4,4,2,4,2,0,100.00,2,0,0,OK
111140,53,80,984171,31,31,28,31,28,0,100.00,20,0,0,OK
322110,53,61,631644,20,20,20,20,20,0,100.00,14,0,0,OK
445230,52,93,1512849,19,19,19,19,19,0,100.00,13,0,0,OK
525190,52,100,2488329,7,7,4,7,4,0,100.00,3,0,0,OK
513322,51,56,22209,16,16,16,14,14,0,87.50,10,0,0,OK
451120,51,85,1123333,11,11,8,11,8,0,100.00,7,0,0,OK
236117,51,124,100674544,16,16,9,15,9,0,93.75,6,0,0,OK
523210,51,125,5436286,25,25,23,25,23,0,100.00,14,0,0,OK
115114,50,80,2821468,26,26,24,26,24,0,100.00,18,0,0,OK
522298,50,62,1211542,12,12,10,12,10,0,100.00,9,0,0,OK
112519,49,88,1875870,26,26,25,26,25,0,100.00,16,0,0,OK
456120,49,51,101764,11,11,11,11,11,0,100.00,8,0,0,OK
313312,49,63,18055985,13,13,13,13,13,0,100.00,7,0,0,OK
423520,49,109,67213408,18,18,14,18,14,0,100.00,11,0,0,OK
422120,48,135,46530,3,3,3,3,3,0,100.00,3,0,0,OK
458210,48,73,31534249,16,16,16,15,15,0,93.75,12,0,0,OK
623210,47,99,10361857,18,18,18,17,17,0,94.44,14,0,0,OK
459140,46,71,983733,12,12,11,12,11,0,100.00,10,0,0,OK
327420,46,59,1100660,29,29,29,29,29,0,100.00,18,0,0,OK
314911,45,64,369021,12,12,12,12,12,0,100.00,7,0,0,OK
812921,45,97,1733327,22,22,22,22,22,0,100.00,10,0,0,OK
455211,44,84,1407789,11,11,7,11,7,0,100.00,6,0,0,OK
486210,44,252,8353123,23,23,22,23,22,0,100.00,15,0,0,OK
233320,44,148,18375974,21,21,21,21,21,0,100.00,10,0,0,OK
315222,44,87,995215,7,7,7,7,7,0,100.00,7,0,0,OK
311351,43,59,685722,9,9,8,9,8,0,100.00,7,0,0,OK
713910,43,81,1347031,26,26,21,26,21,0,100.00,13,0,0,OK
514210,41,49,489717,17,17,16,16,15,0,94.12,4,0,0,OK
423920,41,61,702289,22,22,21,21,20,0,95.45,12,1,1,IDENTITY RESOLUTION (rollup groups by name, keeps 1 UEI)
112320,40,63,2803388,24,24,23,24,23,0,100.00,14,0,0,OK
112410,40,55,477243,9,9,8,9,8,0,100.00,6,0,0,OK
611610,40,102,845057,29,29,29,29,29,0,100.00,17,0,0,OK
525110,39,86,6695161,9,9,7,9,7,0,100.00,4,0,0,OK
212112,39,95,106948877,8,8,8,8,8,0,100.00,8,0,0,OK
449121,38,50,1654007,24,24,21,23,21,0,95.83,15,0,0,OK
212322,37,56,710003,23,23,16,23,16,0,100.00,12,0,0,OK
112910,37,53,833449,17,17,16,17,16,0,100.00,9,0,0,OK
512250,37,63,867709,22,22,20,21,19,0,95.45,15,1,1,IDENTITY RESOLUTION (rollup groups by name, keeps 1 UEI)
331422,37,39,41505,6,6,6,6,6,0,100.00,5,0,0,OK
322233,36,58,109613,4,4,4,4,4,0,100.00,4,0,0,OK
336312,36,43,323057,22,22,21,22,21,0,100.00,15,0,0,OK
513140,35,61,5411261,29,29,28,26,25,0,89.66,16,1,1,IDENTITY RESOLUTION (rollup groups by name, keeps 1 UEI)
111920,35,40,375023,19,19,19,19,19,0,100.00,13,0,0,OK
482112,35,76,1730480,17,17,14,17,14,0,100.00,11,0,0,OK
722515,35,70,837841,17,17,14,16,13,0,94.12,12,1,1,IDENTITY RESOLUTION (rollup groups by name, keeps 1 UEI)
551112,34,123,3439741,26,26,25,26,25,0,100.00,17,0,0,OK
493130,34,39,959002,18,18,18,17,17,0,94.44,12,1,1,IDENTITY RESOLUTION (rollup groups by name, keeps 1 UEI)
325312,34,42,932997,16,16,16,16,16,0,100.00,14,0,0,OK
713110,34,60,37222136,17,17,17,17,17,0,100.00,12,0,0,OK
712190,34,170,20259106,24,24,24,24,24,0,100.00,15,0,0,OK
111130,34,64,693546,23,23,21,23,21,0,100.00,11,0,0,OK
713920,33,54,837512,17,17,17,17,17,0,100.00,9,0,0,OK
522220,33,53,5686966,17,17,17,17,17,0,100.00,13,0,0,OK
449122,33,49,444960,16,16,10,15,9,0,93.75,8,1,1,IDENTITY RESOLUTION (rollup groups by name, keeps 1 UEI)
331524,32,48,2994486,23,23,23,23,23,0,100.00,13,0,0,OK
811430,31,59,885303,19,19,17,19,17,0,100.00,12,0,0,OK
524130,31,83,86099041,4,4,4,4,4,0,100.00,4,0,0,OK
623311,30,105,9226933,8,8,8,8,8,0,100.00,8,0,0,OK
325194,30,34,834983,19,19,18,19,18,0,100.00,14,0,0,OK
336391,30,43,535127,7,7,6,7,6,0,100.00,6,0,0,OK
421430,30,49,8481159,17,17,17,17,17,0,100.00,9,0,0,OK
444230,30,37,3282136,18,18,18,17,17,0,94.44,12,0,0,OK
448320,30,41,296231,25,25,24,25,24,0,100.00,15,0,0,OK
452111,29,41,484838,12,12,10,12,10,0,100.00,7,0,0,OK
316991,28,48,-244,13,13,13,13,13,0,100.00,12,0,0,OK
212299,28,89,29156825,20,20,18,20,18,0,100.00,12,0,0,OK
486110,28,48,2324545,8,8,8,8,8,0,100.00,6,0,0,OK
112340,27,40,251981,7,7,6,7,6,0,100.00,5,0,0,OK
212390,27,48,5711070,11,11,9,11,9,0,100.00,8,0,0,OK
551114,27,72,3930699,15,15,14,15,14,0,100.00,13,0,0,OK
521110,26,35,223361,14,14,13,14,13,0,100.00,10,0,0,OK
459420,26,43,566173,9,9,9,9,9,0,100.00,6,0,0,OK
713950,25,91,1615846,13,13,12,13,12,0,100.00,11,0,0,OK
713210,25,40,414712,13,13,12,13,12,0,100.00,8,0,0,OK
111191,24,33,622719,14,14,13,14,13,0,100.00,12,0,0,OK
523120,24,77,940237,8,8,8,8,8,0,100.00,7,0,0,OK
449129,24,30,387928,7,7,6,7,6,0,100.00,4,0,0,OK
213114,23,33,337199,14,14,12,14,12,0,100.00,9,0,0,OK
332611,23,29,81393,6,6,6,6,6,0,100.00,5,0,0,OK
522210,23,51,700316,17,17,15,17,15,0,100.00,12,0,0,OK
812111,23,80,2665697,15,15,15,15,15,0,100.00,8,0,0,OK
235520,23,23,-2995,1,1,1,1,1,0,100.00,1,0,0,OK
459910,23,35,2038138,6,6,5,6,5,0,100.00,5,0,0,OK
112390,23,40,515340,16,16,15,16,15,0,100.00,12,0,0,OK
221117,22,87,87182370,6,6,5,6,5,0,100.00,4,0,0,OK
221113,22,71,335627249,16,16,16,16,16,0,100.00,12,0,0,OK
421830,22,28,-31136,1,1,1,1,1,0,100.00,1,0,0,OK
812112,22,54,347729,7,7,6,7,6,0,100.00,6,0,0,OK
332997,22,56,1132139,2,2,2,2,2,0,100.00,2,0,0,OK
487990,22,35,154796,6,6,5,6,5,0,100.00,5,0,0,OK
453110,22,62,166302,9,9,7,9,7,0,100.00,6,0,0,OK
421860,22,22,0,2,2,2,2,2,0,100.00,2,0,0,OK
523130,21,32,396842,8,8,5,8,5,0,100.00,3,0,0,OK
332214,21,27,134206,9,9,9,9,9,0,100.00,7,0,0,OK
212111,21,43,2539424,9,9,8,9,8,0,100.00,7,0,0,OK
333295,21,21,-12917,15,15,15,15,15,0,100.00,9,0,0,OK
333312,21,28,-111500,17,17,16,17,16,0,100.00,13,0,0,OK
541120,20,42,4183443,11,11,11,11,11,0,100.00,10,0,0,OK
115111,20,30,986644,11,11,10,11,10,0,100.00,9,0,0,OK
444240,20,27,2536455,11,11,11,11,11,0,100.00,11,0,0,OK
311520,19,32,196096,12,12,11,12,11,0,100.00,8,0,0,OK
212114,19,60,104055910,3,3,3,3,3,0,100.00,3,0,0,OK
333220,19,47,11774054,7,7,7,7,7,0,100.00,7,0,0,OK
722110,19,33,1717278,18,18,18,17,17,0,94.44,13,0,0,OK
448140,18,37,190777,15,15,15,15,15,0,100.00,12,0,0,OK
424330,18,20,142464,16,16,16,16,16,0,100.00,13,0,0,OK
424810,18,21,107301,5,5,4,5,4,0,100.00,4,0,0,OK
315221,17,42,67996685,4,4,4,4,4,0,100.00,4,0,0,OK
443111,17,20,-142630,14,14,13,14,13,0,100.00,8,0,0,OK
334414,17,18,-63739,9,9,9,9,9,0,100.00,7,0,0,OK
422710,17,68,9583125,3,3,3,3,3,0,100.00,2,0,0,OK
424450,16,24,205574,9,9,9,9,9,0,100.00,6,0,0,OK
514199,16,18,414365,14,14,13,14,13,0,100.00,6,0,0,OK
923140,15,54,6363849,11,11,11,10,10,0,90.91,10,1,1,IDENTITY RESOLUTION (rollup groups by name, keeps 1 UEI)
112112,15,19,499102,13,13,12,12,11,0,92.31,9,0,0,OK
561491,15,19,695041,8,8,7,8,7,0,100.00,7,0,0,OK
517510,15,16,109979,13,13,13,13,13,0,100.00,10,0,0,OK
456130,15,23,950508,12,12,11,10,9,0,83.33,10,2,2,IDENTITY RESOLUTION (rollup groups by name, keeps 1 UEI)
456191,14,21,269377,8,8,6,8,6,0,100.00,6,0,0,OK
331521,14,14,56453,1,1,1,1,1,0,100.00,1,0,0,OK
459210,14,20,270475,12,12,12,11,11,0,91.67,10,1,1,IDENTITY RESOLUTION (rollup groups by name, keeps 1 UEI)
325181,14,15,-522070,5,5,5,5,5,0,100.00,4,0,0,OK
448310,14,24,164091,7,7,4,7,4,0,100.00,3,0,0,OK
111339,14,15,431147,13,13,13,13,13,0,100.00,11,0,0,OK
221116,14,22,1752209,13,13,11,13,11,0,100.00,9,0,0,OK
446120,13,16,-481145,10,10,9,10,9,0,100.00,7,0,0,OK
457120,13,22,281802,5,5,5,4,4,0,80.00,5,1,1,IDENTITY RESOLUTION (rollup groups by name, keeps 1 UEI)
235990,13,35,13288822,7,7,7,7,7,0,100.00,6,0,0,OK
445291,13,19,164112,10,10,10,10,10,0,100.00,6,0,0,OK
812191,13,30,488627,9,9,8,9,8,0,100.00,7,0,0,OK
459510,13,15,1101261,6,6,5,6,5,0,100.00,4,0,0,OK
335212,13,47,622799,3,3,3,3,3,0,100.00,3,0,0,OK
322222,13,25,-31663,7,7,7,7,7,0,100.00,6,0,0,OK
331419,12,24,9798,6,6,6,6,6,0,100.00,5,0,0,OK
532281,12,12,609671,6,6,5,6,5,0,100.00,5,0,0,OK
212392,12,19,785898,8,8,8,8,8,0,100.00,7,0,0,OK
114112,12,19,13991,12,12,12,12,12,0,100.00,9,0,0,OK
812922,12,20,6673,1,1,1,1,1,0,100.00,1,0,0,OK
713120,11,16,431751,10,10,9,10,9,0,100.00,8,0,0,OK
522130,11,76,294859,7,7,6,7,6,0,100.00,6,0,0,OK
321214,11,16,444974,11,11,9,11,9,0,100.00,8,0,0,OK
421450,11,16,85074,4,4,4,4,4,0,100.00,4,0,0,OK
111160,11,14,30995,10,10,9,10,9,0,100.00,8,0,0,OK
111419,11,25,1175589,10,10,9,10,9,0,100.00,8,0,0,OK
325315,11,15,179090,8,8,8,8,8,0,100.00,6,0,0,OK
315232,11,19,995307,3,3,3,3,3,0,100.00,3,0,0,OK
339911,10,13,311340,6,6,6,6,6,0,100.00,5,0,0,OK
212290,10,26,86175047,9,9,9,9,9,0,100.00,5,0,0,OK
561310,10,13,-1513091,6,6,6,6,6,0,100.00,6,0,0,OK
512220,10,12,-25859,6,6,6,6,6,0,100.00,5,0,0,OK
445298,10,17,241326,5,5,5,5,5,0,100.00,4,0,0,OK
513330,9,10,-1787284,3,3,3,3,3,0,100.00,2,0,0,OK
459130,9,9,3225,3,3,3,2,2,0,66.67,3,1,1,IDENTITY RESOLUTION (rollup groups by name, keeps 1 UEI)
311313,9,11,50466,4,4,4,4,4,0,100.00,4,0,0,OK
722212,9,40,15775437,9,9,9,9,9,0,100.00,7,0,0,OK
922150,9,49,312130,4,4,4,4,4,0,100.00,2,0,0,OK
523160,9,27,16122951,5,5,3,4,2,0,80.00,3,1,1,IDENTITY RESOLUTION (rollup groups by name, keeps 1 UEI)
421210,9,17,33495,3,3,2,3,2,0,100.00,2,0,0,OK
452210,9,11,105827,4,4,4,4,4,0,100.00,3,0,0,OK
711120,9,27,645167,9,9,9,9,9,0,100.00,7,0,0,OK
512131,9,14,70808,6,6,6,6,6,0,100.00,5,0,0,OK
522293,9,27,1288803,10,10,7,10,7,0,100.00,5,0,0,OK
522291,8,13,150183,6,6,6,6,6,0,100.00,5,0,0,OK
445310,8,8,92645,5,5,3,5,3,0,100.00,3,0,0,OK
212325,8,9,156637,8,8,8,8,8,0,100.00,8,0,0,OK
234990,8,8,-351140,4,4,4,4,4,0,100.00,3,0,0,OK
511191,8,11,56613,6,6,6,6,6,0,100.00,5,0,0,OK
623312,8,19,14383,7,7,7,7,7,0,100.00,3,0,0,OK
313222,8,9,0,4,4,4,4,4,0,100.00,4,0,0,OK
332213,8,16,1308920,4,4,4,4,4,0,100.00,4,0,0,OK
525910,8,22,10696274,3,3,3,3,3,0,100.00,3,0,0,OK
522294,8,10,117336,7,7,7,7,7,0,100.00,7,0,0,OK
111211,8,17,67481,8,8,7,8,7,0,100.00,7,0,0,OK
448130,7,10,146039,3,3,3,3,3,0,100.00,3,0,0,OK
331319,7,10,-3449,6,6,6,6,6,0,100.00,5,0,0,OK
111992,7,12,67536,3,3,3,3,3,0,100.00,3,0,0,OK
454210,7,16,525955,6,6,6,6,6,0,100.00,6,0,0,OK
445210,7,16,69313,5,5,5,5,5,0,100.00,5,0,0,OK
522120,7,29,4068018,2,2,2,2,2,0,100.00,2,0,0,OK
532220,7,10,81932,7,7,5,7,5,0,100.00,5,0,0,OK
333292,7,7,-3511,4,4,3,4,3,0,100.00,2,0,0,OK
316993,6,6,-46430,6,6,6,6,6,0,100.00,5,0,0,OK
448120,6,7,44176,3,3,3,3,3,0,100.00,3,0,0,OK
336311,6,7,-11671,5,5,4,5,4,0,100.00,4,0,0,OK
313113,6,6,33745,1,1,1,1,1,0,100.00,1,0,0,OK
315191,6,7,848661,4,4,4,4,4,0,100.00,4,0,0,OK
322213,6,12,-121484,4,4,4,4,4,0,100.00,4,0,0,OK
722211,6,6,0,5,5,5,5,5,0,100.00,4,0,0,OK
525920,6,8,181352,5,5,5,5,5,0,100.00,3,0,0,OK
711212,6,10,20633,4,4,4,3,3,0,75.00,4,1,1,IDENTITY RESOLUTION (rollup groups by name, keeps 1 UEI)
315223,6,7,-17,4,4,4,4,4,0,100.00,4,0,0,OK
313111,6,7,33538,2,2,2,2,2,0,100.00,2,0,0,OK
323122,5,10,-50483,5,5,4,5,4,0,100.00,4,0,0,OK
334612,5,6,0,5,5,5,5,5,0,100.00,4,0,0,OK
111336,5,5,47548,4,4,4,4,4,0,100.00,4,0,0,OK
323121,5,10,10103,4,4,4,3,3,0,75.00,4,1,1,IDENTITY RESOLUTION (rollup groups by name, keeps 1 UEI)
512132,5,6,91085,5,5,5,5,5,0,100.00,5,0,0,OK
112512,5,9,130560,5,5,5,5,5,0,100.00,5,0,0,OK
312230,5,12,820364,3,3,3,3,3,0,100.00,3,0,0,OK
315224,5,5,-25,3,3,3,3,3,0,100.00,3,0,0,OK
334415,4,5,1500,4,4,4,4,4,0,100.00,3,0,0,OK
551111,4,10,69279,2,2,2,2,2,0,100.00,2,0,0,OK
523150,4,36,1150907355,4,4,4,4,4,0,100.00,3,0,0,OK
212210,4,5,50211,1,1,1,1,1,0,100.00,1,0,0,OK
813940,4,5,78290,2,2,2,2,2,0,100.00,2,0,0,OK
112330,4,7,115758,4,4,4,4,4,0,100.00,3,0,0,OK
212323,4,4,485884,3,3,3,3,3,0,100.00,3,0,0,OK
331421,4,4,-8340,2,2,2,2,2,0,100.00,2,0,0,OK
458320,4,5,57415,4,4,4,4,4,0,100.00,3,0,0,OK
452112,4,5,30745,4,4,4,4,4,0,100.00,4,0,0,OK
111310,4,6,1191917,4,4,4,3,3,0,75.00,4,1,1,IDENTITY RESOLUTION (rollup groups by name, keeps 1 UEI)
331316,4,4,5561,3,3,3,3,3,0,100.00,3,0,0,OK
455110,4,6,60910,1,1,1,1,1,0,100.00,1,0,0,OK
212221,4,4,9729,4,4,4,4,4,0,100.00,4,0,0,OK
333210,4,15,0,4,4,4,4,4,0,100.00,4,0,0,OK
311213,3,3,50183,3,3,3,3,3,0,100.00,3,0,0,OK
445240,3,3,0,3,3,3,0,0,0,0.00,2,2,3,STALE DERIVATION
111991,3,5,34989,3,3,3,3,3,0,100.00,3,0,0,OK
335211,3,3,-34900,3,3,2,3,2,0,100.00,2,0,0,OK
424940,3,7,26824,3,3,3,3,3,0,100.00,3,0,0,OK
459310,3,5,0,3,3,3,3,3,0,100.00,3,0,0,OK
445250,3,6,31330,3,3,3,3,3,0,100.00,3,0,0,OK
315212,3,4,0,3,3,3,3,3,0,100.00,3,0,0,OK
422920,3,25,-26069,1,1,1,1,1,0,100.00,1,0,0,OK
331312,3,3,-23746,3,3,2,3,2,0,100.00,2,0,0,OK
212234,3,4,5131,2,2,2,2,2,0,100.00,2,0,0,OK
323118,3,4,0,3,3,3,3,3,0,100.00,3,0,0,OK
111331,3,3,22309,2,2,2,2,2,0,100.00,2,0,0,OK
445220,3,5,22844,3,3,3,3,3,0,100.00,2,0,0,OK
523140,3,4,31430,3,3,2,3,2,0,100.00,2,0,0,OK
322224,3,3,2521661,3,3,3,3,3,0,100.00,2,0,0,OK
445120,3,3,45963,3,3,3,3,3,0,100.00,3,0,0,OK
235950,3,33,2172325,2,2,2,2,2,0,100.00,2,0,0,OK
331528,3,3,-103,2,2,2,2,2,0,100.00,2,0,0,OK
111332,3,7,61042,2,2,2,2,2,0,100.00,1,0,0,OK
322226,2,2,0,2,2,1,2,1,0,100.00,1,0,0,OK
445292,2,2,62969,2,2,2,2,2,0,100.00,2,0,0,OK
111320,2,14,115326,2,2,2,2,2,0,100.00,2,0,0,OK
323112,2,3,-6,2,2,2,2,2,0,100.00,2,0,0,OK
421990,2,2,0,2,2,2,2,2,0,100.00,2,0,0,OK
112130,2,5,62641,2,2,2,2,2,0,100.00,2,0,0,OK
333311,2,2,6653,2,2,2,2,2,0,100.00,2,0,0,OK
322214,2,7,2291189,1,1,1,1,1,0,100.00,1,0,0,OK
525930,2,2,-13500,2,2,2,2,2,0,100.00,2,0,0,OK
311311,2,2,160353,1,1,1,1,1,0,100.00,1,0,0,OK
421690,2,2,0,2,2,1,2,1,0,100.00,1,0,0,OK
235310,2,2,0,2,2,2,2,2,0,100.00,2,0,0,OK
513191,2,3,4136,2,2,2,2,2,0,100.00,2,0,0,OK
422910,2,2,0,2,2,2,2,2,0,100.00,2,0,0,OK
522299,2,3,127017,2,2,2,2,2,0,100.00,2,0,0,OK
315192,2,2,0,2,2,2,2,2,0,100.00,2,0,0,OK
333516,2,2,-142,2,2,2,2,2,0,100.00,2,0,0,OK
459930,2,2,49147,2,2,0,2,0,0,100.00,0,0,0,OK
315231,2,2,-1,2,2,2,2,2,0,100.00,2,0,0,OK
445131,2,5,64682,2,2,2,2,2,0,100.00,2,0,0,OK
325132,2,2,-4116,2,2,2,2,2,0,100.00,2,0,0,OK
212230,2,3,29870,2,2,2,2,2,0,100.00,2,0,0,OK
332612,2,2,0,2,2,2,2,2,0,100.00,2,0,0,OK
518112,2,2,0,2,2,2,2,2,0,100.00,2,0,0,OK
713290,2,2,7618,2,2,2,2,2,0,100.00,2,0,0,OK
311222,1,1,0,1,1,1,1,1,0,100.00,1,0,0,OK
327124,1,1,-62500,1,1,1,1,1,0,100.00,1,0,0,OK
111930,1,4,16799,1,1,1,1,1,0,100.00,1,0,0,OK
311711,1,1,161700,1,1,1,1,1,0,100.00,1,0,0,OK
812113,1,1,4053,1,1,1,1,1,0,100.00,1,0,0,OK
314992,1,1,0,1,1,1,1,1,0,100.00,1,0,0,OK
513112,1,1,-60130,1,1,1,1,1,0,100.00,1,0,0,OK
212324,1,1,57720,1,1,1,1,1,0,100.00,1,0,0,OK
339912,1,1,0,1,1,1,1,1,0,100.00,1,0,0,OK
233310,1,1,0,1,1,1,1,1,0,100.00,1,0,0,OK
332998,1,1,0,1,1,1,1,1,0,100.00,1,0,0,OK
421420,1,1,0,1,1,1,1,1,0,100.00,1,0,0,OK
322215,1,1,-74,1,1,1,1,1,0,100.00,1,0,0,OK
337129,1,1,0,1,1,1,1,1,0,100.00,1,0,0,OK
421490,1,1,0,1,1,1,1,1,0,100.00,1,0,0,OK
339913,1,1,0,1,1,0,1,0,0,100.00,0,0,0,OK
212220,1,1,29568,1,1,1,1,1,0,100.00,1,0,0,OK
000000,1,2,0,1,1,1,1,1,0,100.00,1,0,0,OK
325131,1,1,0,1,1,1,1,1,0,100.00,1,0,0,OK
316212,1,1,0,1,1,1,1,1,0,100.00,1,0,0,OK
421120,1,1,0,1,1,1,1,1,0,100.00,1,0,0,OK
514191,1,1,0,1,1,1,1,1,0,100.00,1,0,0,OK
458310,1,1,20700,1,1,1,0,0,0,0.00,1,1,1,STALE DERIVATION
235210,1,1,0,1,1,1,1,1,0,100.00,1,0,0,OK
234920,1,11,0,1,1,1,1,1,0,100.00,1,0,0,OK
327113,1,1,0,1,1,1,1,1,0,100.00,1,0,0,OK
451220,1,3,0,1,1,1,1,1,0,100.00,1,0,0,OK
333291,1,1,0,1,1,1,1,1,0,100.00,1,0,0,OK
315291,1,1,0,1,1,1,1,1,0,100.00,1,0,0,OK
327125,1,1,0,1,1,1,1,1,0,100.00,1,0,0,OK
315292,1,1,0,1,1,1,1,1,0,100.00,1,0,0,OK
445132,1,1,312413,1,1,1,1,1,0,100.00,1,0,0,OK
513220,1,1,0,1,1,1,1,1,0,100.00,1,0,0,OK
311712,1,1,0,1,1,1,1,1,0,100.00,1,0,0,OK
234930,1,271,8293436867,1,1,1,1,1,0,100.00,1,0,0,OK
339942,1,1,-353,1,1,1,1,1,0,100.00,1,0,0,OK
459991,1,1,403,1,1,1,1,1,0,100.00,1,0,0,OK
313311,1,1,0,1,1,1,1,1,0,100.00,1,0,0,OK
111411,1,1,0,1,1,1,1,1,0,100.00,1,0,0,OK
421620,1,1,0,1,1,1,1,1,0,100.00,1,0,0,OK
722213,1,1,0,1,1,1,1,1,0,100.00,1,0,0,OK